Dealer ID,StockNumber,NewOrUsed,Year,Make,Model,Trim,VIN,Mileage,Price,ExteriorColor,InteriorColor,Transmission,Description,BodyType,EngineType,DriveType,FuelType,Image
2280,N10636,new,2010,NISSAN,Altima,4dr Sdn I4 CVT 2.5,1N4AL2AP6AN494829,5073,26990,SILVER,BLACK,AUTOMATIC,,sedan,2.5L I4 16V MPFI DOHC,FRONT-WHEEL DRIVE,GASOLINE FUEL,"http://photos2.photoserver.com/kd2280/kl11456337/po1/v2/ds253/i2/pic.aspx?1N4AL2AP6AN494829_1.jpg,http://photos2.photoserver.com/kd2280/kl11456337/po2/v2/ds253/i2/pic.aspx?1N4AL2AP6AN494829_2.jpg,http://photos2.photoserver.com/kd2280/kl11456337/po3/v2/ds253/i2/pic.aspx?1N4AL2AP6AN494829_3.jpg,http://photos2.photoserver.com/kd2280/kl11456337/po4/v2/ds253/i2/pic.aspx?1N4AL2AP6AN494829_4.jpg,http://photos2.photoserver.com/kd2280/kl11456337/po5/v2/ds253/i2/pic.aspx?1N4AL2AP6AN494829_5.jpg,http://photos2.photoserver.com/kd2280/kl11456337/po6/v2/ds253/i2/pic.aspx?1N4AL2AP6AN494829_6.jpg,http://photos2.photoserver.com/kd2280/kl11456337/po7/v2/ds253/i2/pic.aspx?1N4AL2AP6AN494829_7.jpg,http://photos2.photoserver.com/kd2280/kl11456337/po8/v2/ds253/i2/pic.aspx?1N4AL2AP6AN494829_8.jpg,http://photos2.photoserver.com/kd2280/kl11456337/po9/v2/ds253/i2/pic.aspx?1N4AL2AP6AN494829_9.jpg,http://photos2.photoserver.com/kd2280/kl11456337/po10/v2/ds253/i2/pic.aspx?1N4AL2AP6AN494829_10.jpg,http://photos2.photoserver.com/kd2280/kl11456337/po11/v2/ds253/i2/pic.aspx?1N4AL2AP6AN494829_11.jpg,http://photos2.photoserver.com/kd2280/kl11456337/po12/v2/ds253/i2/pic.aspx?1N4AL2AP6AN494829_12.jpg,http://photos2.photoserver.com/kd2280/kl11456337/po13/v2/ds253/i2/pic.aspx?1N4AL2AP6AN494829_13.jpg,http://photos2.photoserver.com/kd2280/kl11456337/po14/v2/ds253/i2/pic.aspx?1N4AL2AP6AN494829_14.jpg,http://photos2.photoserver.com/kd2280/kl11456337/po15/v2/ds253/i2/pic.aspx?1N4AL2AP6AN494829_15.jpg,http://photos2.photoserver.com/kd2280/kl11456337/po16/v2/ds253/i2/pic.aspx?1N4AL2AP6AN494829_16.jpg,http://photos2.photoserver.com/kd2280/kl11456337/po17/v2/ds253/i2/pic.aspx?1N4AL2AP6AN494829_17.jpg,http://photos2.photoserver.com/kd2280/kl11456337/po18/v2/ds253/i2/pic.aspx?1N4AL2AP6AN494829_18.jpg,http://photos2.photoserver.com/kd2280/kl11456337/po19/v2/ds253/i2/pic.aspx?1N4AL2AP6AN494829_19.jpg,http://photos2.photoserver.com/kd2280/kl11456337/po20/v2/ds253/i2/pic.aspx?1N4AL2AP6AN494829_20.jpg,http://photos2.photoserver.com/kd2280/kl11456337/po21/v2/ds253/i2/pic.aspx?1N4AL2AP6AN494829_21.jpg,http://photos2.photoserver.com/kd2280/kl11456337/po22/v2/ds253/i2/pic.aspx?1N4AL2AP6AN494829_22.jpg,http://photos2.photoserver.com/kd2280/kl11456337/po23/v2/ds253/i2/pic.aspx?1N4AL2AP6AN494829_23.jpg,http://photos2.photoserver.com/kd2280/kl11456337/po24/v2/ds253/i2/pic.aspx?1N4AL2AP6AN494829_24.jpg,http://photos2.photoserver.com/kd2280/kl11456337/po25/v2/ds253/i2/pic.aspx?1N4AL2AP6AN494829_25.jpg,http://photos2.photoserver.com/kd2280/kl11456337/po26/v2/ds253/i2/pic.aspx?1N4AL2AP6AN494829_26.jpg,http://photos2.photoserver.com/kd2280/kl11456337/po27/v2/ds253/i2/pic.aspx?1N4AL2AP6AN494829_27.jpg,http://photos2.photoserver.com/kd2280/kl11456337/po28/v2/ds253/i2/pic.aspx?1N4AL2AP6AN494829_28.jpg,http://photos2.photoserver.com/kd2280/kl11456337/po29/v2/ds253/i2/pic.aspx?1N4AL2AP6AN494829_29.jpg,http://photos2.photoserver.com/kd2280/kl11456337/po30/v2/ds253/i2/pic.aspx?1N4AL2AP6AN494829_30.jpg,http://photos2.photoserver.com/kd2280/kl11456337/po31/v2/ds253/i2/pic.aspx?1N4AL2AP6AN494829_31.jpg,http://photos2.photoserver.com/kd2280/kl11456337/po32/v2/ds253/i2/pic.aspx?1N4AL2AP6AN494829_32.jpg,http://photos2.photoserver.com/kd2280/kl11456337/po33/v2/ds253/i2/pic.aspx?1N4AL2AP6AN494829_33.jpg,http://photos2.photoserver.com/kd2280/kl11456337/po34/v2/ds253/i2/pic.aspx?1N4AL2AP6AN494829_34.jpg,http://photos2.photoserver.com/kd2280/kl11456337/po35/v2/ds253/i2/pic.aspx?1N4AL2AP6AN494829_35.jpg,http://photos2.photoserver.com/kd2280/kl11456337/po36/v2/ds253/i2/pic.aspx?1N4AL2AP6AN494829_36.jpg,http://photos2.photoserver.com/kd2280/kl11456337/po37/v2/ds253/i2/pic.aspx?1N4AL2AP6AN494829_37.jpg,http://photos2.photoserver.com/kd2280/kl11456337/po38/v2/ds253/i2/pic.aspx?1N4AL2AP6AN494829_38.jpg,http://photos2.photoserver.com/kd2280/kl11456337/po39/v2/ds253/i2/pic.aspx?1N4AL2AP6AN494829_39.jpg,http://photos2.photoserver.com/kd2280/kl11456337/po40/v2/ds253/i2/pic.aspx?1N4AL2AP6AN494829_40.jpg,http://photos2.photoserver.com/kd2280/kl11456337/po41/v2/ds253/i2/pic.aspx?1N4AL2AP6AN494829_41.jpg"
2280,N10643,new,2010,NISSAN,Altima,4dr Sdn I4 CVT 2.5,1N4AL2APXAN511051,4911,23200,SILVER,Unspecified,AUTOMATIC,,sedan,2.5L I4 16V MPFI DOHC,FRONT-WHEEL DRIVE,,"http://photos2.photoserver.com/kd2280/kl11565960/po1/v2/ds253/i2/pic.aspx?1N4AL2APXAN511051_1.jpg,http://photos2.photoserver.com/kd2280/kl11565960/po2/v2/ds253/i2/pic.aspx?1N4AL2APXAN511051_2.jpg,http://photos2.photoserver.com/kd2280/kl11565960/po3/v2/ds253/i2/pic.aspx?1N4AL2APXAN511051_3.jpg,http://photos2.photoserver.com/kd2280/kl11565960/po4/v2/ds253/i2/pic.aspx?1N4AL2APXAN511051_4.jpg,http://photos2.photoserver.com/kd2280/kl11565960/po5/v2/ds253/i2/pic.aspx?1N4AL2APXAN511051_5.jpg,http://photos2.photoserver.com/kd2280/kl11565960/po6/v2/ds253/i2/pic.aspx?1N4AL2APXAN511051_6.jpg,http://photos2.photoserver.com/kd2280/kl11565960/po7/v2/ds253/i2/pic.aspx?1N4AL2APXAN511051_7.jpg,http://photos2.photoserver.com/kd2280/kl11565960/po8/v2/ds253/i2/pic.aspx?1N4AL2APXAN511051_8.jpg,http://photos2.photoserver.com/kd2280/kl11565960/po9/v2/ds253/i2/pic.aspx?1N4AL2APXAN511051_9.jpg,http://photos2.photoserver.com/kd2280/kl11565960/po10/v2/ds253/i2/pic.aspx?1N4AL2APXAN511051_10.jpg,http://photos2.photoserver.com/kd2280/kl11565960/po11/v2/ds253/i2/pic.aspx?1N4AL2APXAN511051_11.jpg,http://photos2.photoserver.com/kd2280/kl11565960/po12/v2/ds253/i2/pic.aspx?1N4AL2APXAN511051_12.jpg,http://photos2.photoserver.com/kd2280/kl11565960/po13/v2/ds253/i2/pic.aspx?1N4AL2APXAN511051_13.jpg,http://photos2.photoserver.com/kd2280/kl11565960/po14/v2/ds253/i2/pic.aspx?1N4AL2APXAN511051_14.jpg,http://photos2.photoserver.com/kd2280/kl11565960/po15/v2/ds253/i2/pic.aspx?1N4AL2APXAN511051_15.jpg,http://photos2.photoserver.com/kd2280/kl11565960/po16/v2/ds253/i2/pic.aspx?1N4AL2APXAN511051_16.jpg,http://photos2.photoserver.com/kd2280/kl11565960/po17/v2/ds253/i2/pic.aspx?1N4AL2APXAN511051_17.jpg,http://photos2.photoserver.com/kd2280/kl11565960/po18/v2/ds253/i2/pic.aspx?1N4AL2APXAN511051_18.jpg,http://photos2.photoserver.com/kd2280/kl11565960/po19/v2/ds253/i2/pic.aspx?1N4AL2APXAN511051_19.jpg,http://photos2.photoserver.com/kd2280/kl11565960/po20/v2/ds253/i2/pic.aspx?1N4AL2APXAN511051_20.jpg,http://photos2.photoserver.com/kd2280/kl11565960/po21/v2/ds253/i2/pic.aspx?1N4AL2APXAN511051_21.jpg,http://photos2.photoserver.com/kd2280/kl11565960/po22/v2/ds253/i2/pic.aspx?1N4AL2APXAN511051_22.jpg,http://photos2.photoserver.com/kd2280/kl11565960/po23/v2/ds253/i2/pic.aspx?1N4AL2APXAN511051_23.jpg,http://photos2.photoserver.com/kd2280/kl11565960/po24/v2/ds253/i2/pic.aspx?1N4AL2APXAN511051_24.jpg,http://photos2.photoserver.com/kd2280/kl11565960/po25/v2/ds253/i2/pic.aspx?1N4AL2APXAN511051_25.jpg,http://photos2.photoserver.com/kd2280/kl11565960/po26/v2/ds253/i2/pic.aspx?1N4AL2APXAN511051_26.jpg,http://photos2.photoserver.com/kd2280/kl11565960/po27/v2/ds253/i2/pic.aspx?1N4AL2APXAN511051_27.jpg,http://photos2.photoserver.com/kd2280/kl11565960/po28/v2/ds253/i2/pic.aspx?1N4AL2APXAN511051_28.jpg,http://photos2.photoserver.com/kd2280/kl11565960/po29/v2/ds253/i2/pic.aspx?1N4AL2APXAN511051_29.jpg,http://photos2.photoserver.com/kd2280/kl11565960/po30/v2/ds253/i2/pic.aspx?1N4AL2APXAN511051_30.jpg,http://photos2.photoserver.com/kd2280/kl11565960/po31/v2/ds253/i2/pic.aspx?1N4AL2APXAN511051_31.jpg,http://photos2.photoserver.com/kd2280/kl11565960/po32/v2/ds253/i2/pic.aspx?1N4AL2APXAN511051_32.jpg,http://photos2.photoserver.com/kd2280/kl11565960/po33/v2/ds253/i2/pic.aspx?1N4AL2APXAN511051_33.jpg,http://photos2.photoserver.com/kd2280/kl11565960/po34/v2/ds253/i2/pic.aspx?1N4AL2APXAN511051_34.jpg,http://photos2.photoserver.com/kd2280/kl11565960/po35/v2/ds253/i2/pic.aspx?1N4AL2APXAN511051_35.jpg"
2280,N10728,new,2010,NISSAN,Altima,4dr Sdn I4 CVT 2.5,1N4AL2AP4AN525382,3,23200,GRAY,Unspecified,AUTOMATIC,,sedan,2.5L I4 16V MPFI DOHC,FRONT-WHEEL DRIVE,,"http://photos2.photoserver.com/kd2280/kl11791025/po1/v2/ds253/i2/pic.aspx?1N4AL2AP4AN525382_1.jpg,http://photos2.photoserver.com/kd2280/kl11791025/po2/v2/ds253/i2/pic.aspx?1N4AL2AP4AN525382_2.jpg,http://photos2.photoserver.com/kd2280/kl11791025/po3/v2/ds253/i2/pic.aspx?1N4AL2AP4AN525382_3.jpg,http://photos2.photoserver.com/kd2280/kl11791025/po4/v2/ds253/i2/pic.aspx?1N4AL2AP4AN525382_4.jpg,http://photos2.photoserver.com/kd2280/kl11791025/po5/v2/ds253/i2/pic.aspx?1N4AL2AP4AN525382_5.jpg,http://photos2.photoserver.com/kd2280/kl11791025/po6/v2/ds253/i2/pic.aspx?1N4AL2AP4AN525382_6.jpg,http://photos2.photoserver.com/kd2280/kl11791025/po7/v2/ds253/i2/pic.aspx?1N4AL2AP4AN525382_7.jpg,http://photos2.photoserver.com/kd2280/kl11791025/po8/v2/ds253/i2/pic.aspx?1N4AL2AP4AN525382_8.jpg,http://photos2.photoserver.com/kd2280/kl11791025/po9/v2/ds253/i2/pic.aspx?1N4AL2AP4AN525382_9.jpg,http://photos2.photoserver.com/kd2280/kl11791025/po10/v2/ds253/i2/pic.aspx?1N4AL2AP4AN525382_10.jpg,http://photos2.photoserver.com/kd2280/kl11791025/po11/v2/ds253/i2/pic.aspx?1N4AL2AP4AN525382_11.jpg,http://photos2.photoserver.com/kd2280/kl11791025/po12/v2/ds253/i2/pic.aspx?1N4AL2AP4AN525382_12.jpg,http://photos2.photoserver.com/kd2280/kl11791025/po13/v2/ds253/i2/pic.aspx?1N4AL2AP4AN525382_13.jpg,http://photos2.photoserver.com/kd2280/kl11791025/po14/v2/ds253/i2/pic.aspx?1N4AL2AP4AN525382_14.jpg,http://photos2.photoserver.com/kd2280/kl11791025/po15/v2/ds253/i2/pic.aspx?1N4AL2AP4AN525382_15.jpg,http://photos2.photoserver.com/kd2280/kl11791025/po16/v2/ds253/i2/pic.aspx?1N4AL2AP4AN525382_16.jpg,http://photos2.photoserver.com/kd2280/kl11791025/po17/v2/ds253/i2/pic.aspx?1N4AL2AP4AN525382_17.jpg,http://photos2.photoserver.com/kd2280/kl11791025/po18/v2/ds253/i2/pic.aspx?1N4AL2AP4AN525382_18.jpg,http://photos2.photoserver.com/kd2280/kl11791025/po19/v2/ds253/i2/pic.aspx?1N4AL2AP4AN525382_19.jpg,http://photos2.photoserver.com/kd2280/kl11791025/po20/v2/ds253/i2/pic.aspx?1N4AL2AP4AN525382_20.jpg,http://photos2.photoserver.com/kd2280/kl11791025/po21/v2/ds253/i2/pic.aspx?1N4AL2AP4AN525382_21.jpg,http://photos2.photoserver.com/kd2280/kl11791025/po22/v2/ds253/i2/pic.aspx?1N4AL2AP4AN525382_22.jpg,http://photos2.photoserver.com/kd2280/kl11791025/po23/v2/ds253/i2/pic.aspx?1N4AL2AP4AN525382_23.jpg,http://photos2.photoserver.com/kd2280/kl11791025/po24/v2/ds253/i2/pic.aspx?1N4AL2AP4AN525382_24.jpg,http://photos2.photoserver.com/kd2280/kl11791025/po25/v2/ds253/i2/pic.aspx?1N4AL2AP4AN525382_25.jpg,http://photos2.photoserver.com/kd2280/kl11791025/po26/v2/ds253/i2/pic.aspx?1N4AL2AP4AN525382_26.jpg,http://photos2.photoserver.com/kd2280/kl11791025/po27/v2/ds253/i2/pic.aspx?1N4AL2AP4AN525382_27.jpg,http://photos2.photoserver.com/kd2280/kl11791025/po28/v2/ds253/i2/pic.aspx?1N4AL2AP4AN525382_28.jpg,http://photos2.photoserver.com/kd2280/kl11791025/po29/v2/ds253/i2/pic.aspx?1N4AL2AP4AN525382_29.jpg,http://photos2.photoserver.com/kd2280/kl11791025/po30/v2/ds253/i2/pic.aspx?1N4AL2AP4AN525382_30.jpg,http://photos2.photoserver.com/kd2280/kl11791025/po31/v2/ds253/i2/pic.aspx?1N4AL2AP4AN525382_31.jpg,http://photos2.photoserver.com/kd2280/kl11791025/po32/v2/ds253/i2/pic.aspx?1N4AL2AP4AN525382_32.jpg,http://photos2.photoserver.com/kd2280/kl11791025/po33/v2/ds253/i2/pic.aspx?1N4AL2AP4AN525382_33.jpg,http://photos2.photoserver.com/kd2280/kl11791025/po34/v2/ds253/i2/pic.aspx?1N4AL2AP4AN525382_34.jpg"
2280,N11201,new,2011,NISSAN,Maxima,4dr Sdn V6 CVT 3.5 SV,1N4AA5AP4BC800396,4723,40080,BURGUNDY,TAN,AUTOMATIC,,sedan,3.5L V6 24V MPFI DOHC,FRONT-WHEEL DRIVE,GASOLINE FUEL,"http://photos2.photoserver.com/kd2280/kl12396857/po1/v2/ds253/i1/pic.aspx?1N4AA5AP4BC800396_1.jpg,http://photos2.photoserver.com/kd2280/kl12396857/po2/v2/ds253/i1/pic.aspx?1N4AA5AP4BC800396_2.jpg,http://photos2.photoserver.com/kd2280/kl12396857/po3/v2/ds253/i1/pic.aspx?1N4AA5AP4BC800396_3.jpg,http://photos2.photoserver.com/kd2280/kl12396857/po4/v2/ds253/i1/pic.aspx?1N4AA5AP4BC800396_4.jpg,http://photos2.photoserver.com/kd2280/kl12396857/po5/v2/ds253/i1/pic.aspx?1N4AA5AP4BC800396_5.jpg,http://photos2.photoserver.com/kd2280/kl12396857/po6/v2/ds253/i1/pic.aspx?1N4AA5AP4BC800396_6.jpg,http://photos2.photoserver.com/kd2280/kl12396857/po7/v2/ds253/i1/pic.aspx?1N4AA5AP4BC800396_7.jpg,http://photos2.photoserver.com/kd2280/kl12396857/po8/v2/ds253/i1/pic.aspx?1N4AA5AP4BC800396_8.jpg,http://photos2.photoserver.com/kd2280/kl12396857/po9/v2/ds253/i1/pic.aspx?1N4AA5AP4BC800396_9.jpg,http://photos2.photoserver.com/kd2280/kl12396857/po10/v2/ds253/i1/pic.aspx?1N4AA5AP4BC800396_10.jpg,http://photos2.photoserver.com/kd2280/kl12396857/po11/v2/ds253/i1/pic.aspx?1N4AA5AP4BC800396_11.jpg,http://photos2.photoserver.com/kd2280/kl12396857/po12/v2/ds253/i1/pic.aspx?1N4AA5AP4BC800396_12.jpg,http://photos2.photoserver.com/kd2280/kl12396857/po13/v2/ds253/i1/pic.aspx?1N4AA5AP4BC800396_13.jpg,http://photos2.photoserver.com/kd2280/kl12396857/po14/v2/ds253/i1/pic.aspx?1N4AA5AP4BC800396_14.jpg,http://photos2.photoserver.com/kd2280/kl12396857/po15/v2/ds253/i1/pic.aspx?1N4AA5AP4BC800396_15.jpg,http://photos2.photoserver.com/kd2280/kl12396857/po16/v2/ds253/i1/pic.aspx?1N4AA5AP4BC800396_16.jpg,http://photos2.photoserver.com/kd2280/kl12396857/po17/v2/ds253/i1/pic.aspx?1N4AA5AP4BC800396_17.jpg,http://photos2.photoserver.com/kd2280/kl12396857/po18/v2/ds253/i1/pic.aspx?1N4AA5AP4BC800396_18.jpg,http://photos2.photoserver.com/kd2280/kl12396857/po19/v2/ds253/i1/pic.aspx?1N4AA5AP4BC800396_19.jpg,http://photos2.photoserver.com/kd2280/kl12396857/po20/v2/ds253/i1/pic.aspx?1N4AA5AP4BC800396_20.jpg,http://photos2.photoserver.com/kd2280/kl12396857/po21/v2/ds253/i1/pic.aspx?1N4AA5AP4BC800396_21.jpg,http://photos2.photoserver.com/kd2280/kl12396857/po22/v2/ds253/i1/pic.aspx?1N4AA5AP4BC800396_22.jpg,http://photos2.photoserver.com/kd2280/kl12396857/po23/v2/ds253/i1/pic.aspx?1N4AA5AP4BC800396_23.jpg,http://photos2.photoserver.com/kd2280/kl12396857/po24/v2/ds253/i1/pic.aspx?1N4AA5AP4BC800396_24.jpg,http://photos2.photoserver.com/kd2280/kl12396857/po25/v2/ds253/i1/pic.aspx?1N4AA5AP4BC800396_25.jpg,http://photos2.photoserver.com/kd2280/kl12396857/po26/v2/ds253/i1/pic.aspx?1N4AA5AP4BC800396_26.jpg,http://photos2.photoserver.com/kd2280/kl12396857/po27/v2/ds253/i1/pic.aspx?1N4AA5AP4BC800396_27.jpg,http://photos2.photoserver.com/kd2280/kl12396857/po28/v2/ds253/i1/pic.aspx?1N4AA5AP4BC800396_28.jpg,http://photos2.photoserver.com/kd2280/kl12396857/po29/v2/ds253/i1/pic.aspx?1N4AA5AP4BC800396_29.jpg,http://photos2.photoserver.com/kd2280/kl12396857/po30/v2/ds253/i1/pic.aspx?1N4AA5AP4BC800396_30.jpg,http://photos2.photoserver.com/kd2280/kl12396857/po31/v2/ds253/i1/pic.aspx?1N4AA5AP4BC800396_31.jpg,http://photos2.photoserver.com/kd2280/kl12396857/po32/v2/ds253/i1/pic.aspx?1N4AA5AP4BC800396_32.jpg,http://photos2.photoserver.com/kd2280/kl12396857/po33/v2/ds253/i1/pic.aspx?1N4AA5AP4BC800396_33.jpg,http://photos2.photoserver.com/kd2280/kl12396857/po34/v2/ds253/i1/pic.aspx?1N4AA5AP4BC800396_34.jpg,http://photos2.photoserver.com/kd2280/kl12396857/po35/v2/ds253/i1/pic.aspx?1N4AA5AP4BC800396_35.jpg,http://photos2.photoserver.com/kd2280/kl12396857/po36/v2/ds253/i1/pic.aspx?1N4AA5AP4BC800396_36.jpg,http://photos2.photoserver.com/kd2280/kl12396857/po37/v2/ds253/i1/pic.aspx?1N4AA5AP4BC800396_37.jpg,http://photos2.photoserver.com/kd2280/kl12396857/po38/v2/ds253/i1/pic.aspx?1N4AA5AP4BC800396_38.jpg,http://photos2.photoserver.com/kd2280/kl12396857/po39/v2/ds253/i1/pic.aspx?1N4AA5AP4BC800396_39.jpg,http://photos2.photoserver.com/kd2280/kl12396857/po40/v2/ds253/i1/pic.aspx?1N4AA5AP4BC800396_40.jpg,http://photos2.photoserver.com/kd2280/kl12396857/po41/v2/ds253/i1/pic.aspx?1N4AA5AP4BC800396_41.jpg,http://photos2.photoserver.com/kd2280/kl12396857/po42/v2/ds253/i1/pic.aspx?1N4AA5AP4BC800396_42.jpg,http://photos2.photoserver.com/kd2280/kl12396857/po43/v2/ds253/i1/pic.aspx?1N4AA5AP4BC800396_43.jpg,http://photos2.photoserver.com/kd2280/kl12396857/po44/v2/ds253/i1/pic.aspx?1N4AA5AP4BC800396_44.jpg,http://photos2.photoserver.com/kd2280/kl12396857/po45/v2/ds253/i1/pic.aspx?1N4AA5AP4BC800396_45.jpg,http://photos2.photoserver.com/kd2280/kl12396857/po46/v2/ds253/i1/pic.aspx?1N4AA5AP4BC800396_46.jpg"
2280,N121006A,used,2009,HYUNDAI,Sonata,4dr Sdn I4 Auto GLS,5NPET46C99H410673,38844,15995,BLACK,GRAY,5-SPEED A/T,"2 KEYS,AIR CONDITIONING,ANTI-LOCK BRAKES,CD PLAYER,CLOTH INTERIOR,CRUISE CONTROL,DRIVER AIRBAG,OWNER'S MANUAL,PASSENGER AIRBAG,POWER LOCKS,POWER MIRRORS,POWER WINDOWS,REAR DEFROSTER,REMOTE KEYS,SATELLITE RADIO,SIDE AIRBAGS,TACHOMETER,TIRE PRESSURE MONITOR,TRACTION CONTROL,VARIABLE WIPERS",sedan,2.4L I4 16V MPFI DOHC,FRONT-WHEEL DRIVE,GASOLINE FUEL,"http://photos2.photoserver.com/kd2280/kl18909477/po1/v2/ds253/i1/pic.aspx?5NPET46C99H410673_1.jpg,http://photos2.photoserver.com/kd2280/kl18909477/po2/v2/ds253/i1/pic.aspx?5NPET46C99H410673_2.jpg,http://photos2.photoserver.com/kd2280/kl18909477/po3/v2/ds253/i1/pic.aspx?5NPET46C99H410673_3.jpg,http://photos2.photoserver.com/kd2280/kl18909477/po4/v2/ds253/i1/pic.aspx?5NPET46C99H410673_4.jpg,http://photos2.photoserver.com/kd2280/kl18909477/po5/v2/ds253/i1/pic.aspx?5NPET46C99H410673_5.jpg,http://photos2.photoserver.com/kd2280/kl18909477/po6/v2/ds253/i1/pic.aspx?5NPET46C99H410673_6.jpg,http://photos2.photoserver.com/kd2280/kl18909477/po7/v2/ds253/i1/pic.aspx?5NPET46C99H410673_7.jpg,http://photos2.photoserver.com/kd2280/kl18909477/po8/v2/ds253/i1/pic.aspx?5NPET46C99H410673_8.jpg,http://photos2.photoserver.com/kd2280/kl18909477/po9/v2/ds253/i1/pic.aspx?5NPET46C99H410673_9.jpg,http://photos2.photoserver.com/kd2280/kl18909477/po10/v2/ds253/i1/pic.aspx?5NPET46C99H410673_10.jpg,http://photos2.photoserver.com/kd2280/kl18909477/po11/v2/ds253/i1/pic.aspx?5NPET46C99H410673_11.jpg,http://photos2.photoserver.com/kd2280/kl18909477/po12/v2/ds253/i1/pic.aspx?5NPET46C99H410673_12.jpg,http://photos2.photoserver.com/kd2280/kl18909477/po13/v2/ds253/i1/pic.aspx?5NPET46C99H410673_13.jpg,http://photos2.photoserver.com/kd2280/kl18909477/po14/v2/ds253/i1/pic.aspx?5NPET46C99H410673_14.jpg,http://photos2.photoserver.com/kd2280/kl18909477/po15/v2/ds253/i1/pic.aspx?5NPET46C99H410673_15.jpg,http://photos2.photoserver.com/kd2280/kl18909477/po16/v2/ds253/i1/pic.aspx?5NPET46C99H410673_16.jpg,http://photos2.photoserver.com/kd2280/kl18909477/po17/v2/ds253/i1/pic.aspx?5NPET46C99H410673_17.jpg,http://photos2.photoserver.com/kd2280/kl18909477/po18/v2/ds253/i1/pic.aspx?5NPET46C99H410673_18.jpg,http://photos2.photoserver.com/kd2280/kl18909477/po19/v2/ds253/i1/pic.aspx?5NPET46C99H410673_19.jpg,http://photos2.photoserver.com/kd2280/kl18909477/po20/v2/ds253/i1/pic.aspx?5NPET46C99H410673_20.jpg,http://photos2.photoserver.com/kd2280/kl18909477/po21/v2/ds253/i1/pic.aspx?5NPET46C99H410673_21.jpg,http://photos2.photoserver.com/kd2280/kl18909477/po22/v2/ds253/i1/pic.aspx?5NPET46C99H410673_22.jpg,http://photos2.photoserver.com/kd2280/kl18909477/po23/v2/ds253/i1/pic.aspx?5NPET46C99H410673_23.jpg"
2280,N121011,new,2012,NISSAN,FRONTIER,,1N6AD0CW3CC473996,2,29660,SILVER,GRAPHITE,,,truck,4.0L V6 24V MPFI DOHC,FOUR-WHEEL DRIVE WITH LOCKING AND LIMITED-SLIP,GASOLINE FUEL,"http://photos2.photoserver.com/kd2280/kl18909479/po1/v2/ds253/i1/pic.aspx?1N6AD0CW3CC473996_1.jpg,http://photos2.photoserver.com/kd2280/kl18909479/po2/v2/ds253/i1/pic.aspx?1N6AD0CW3CC473996_2.jpg,http://photos2.photoserver.com/kd2280/kl18909479/po3/v2/ds253/i1/pic.aspx?1N6AD0CW3CC473996_3.jpg,http://photos2.photoserver.com/kd2280/kl18909479/po4/v2/ds253/i1/pic.aspx?1N6AD0CW3CC473996_4.jpg,http://photos2.photoserver.com/kd2280/kl18909479/po5/v2/ds253/i1/pic.aspx?1N6AD0CW3CC473996_5.jpg,http://photos2.photoserver.com/kd2280/kl18909479/po6/v2/ds253/i1/pic.aspx?1N6AD0CW3CC473996_6.jpg,http://photos2.photoserver.com/kd2280/kl18909479/po7/v2/ds253/i1/pic.aspx?1N6AD0CW3CC473996_7.jpg"
2280,K130166,new,2013,KIA,SPORTAGE,EX,KNDPC3A20D7369655,2,25675,BLACK,GRAY,AUTOMATIC,,suv,2.4L I4 16V MPFI DOHC,FRONT-WHEEL DRIVE,,http://photos2.photoserver.com/kd2280/kl18909481/po1/v2/ds253/i1/pic.aspx?KNDPC3A20D7369655_1.jpg
2280,N130164,new,2013,NISSAN,Altima,4dr Sdn I4 2.5,1N4AL3AP7DC123961,5,29950,BLACK,BEIGE,AUTOMATIC,,sedan,2.5L I4 16V MPFI DOHC,FRONT-WHEEL DRIVE,GASOLINE FUEL,"http://photos2.photoserver.com/kd2280/kl18909482/po1/v2/ds253/i2/pic.aspx?1N4AL3AP7DC123961_1.jpg,http://photos2.photoserver.com/kd2280/kl18909482/po2/v2/ds253/i2/pic.aspx?1N4AL3AP7DC123961_2.jpg,http://photos2.photoserver.com/kd2280/kl18909482/po3/v2/ds253/i2/pic.aspx?1N4AL3AP7DC123961_3.jpg,http://photos2.photoserver.com/kd2280/kl18909482/po4/v2/ds253/i2/pic.aspx?1N4AL3AP7DC123961_4.jpg,http://photos2.photoserver.com/kd2280/kl18909482/po5/v2/ds253/i2/pic.aspx?1N4AL3AP7DC123961_5.jpg,http://photos2.photoserver.com/kd2280/kl18909482/po6/v2/ds253/i2/pic.aspx?1N4AL3AP7DC123961_6.jpg,http://photos2.photoserver.com/kd2280/kl18909482/po7/v2/ds253/i2/pic.aspx?1N4AL3AP7DC123961_7.jpg,http://photos2.photoserver.com/kd2280/kl18909482/po8/v2/ds253/i2/pic.aspx?1N4AL3AP7DC123961_8.jpg,http://photos2.photoserver.com/kd2280/kl18909482/po9/v2/ds253/i2/pic.aspx?1N4AL3AP7DC123961_9.jpg,http://photos2.photoserver.com/kd2280/kl18909482/po10/v2/ds253/i2/pic.aspx?1N4AL3AP7DC123961_10.jpg,http://photos2.photoserver.com/kd2280/kl18909482/po11/v2/ds253/i2/pic.aspx?1N4AL3AP7DC123961_11.jpg,http://photos2.photoserver.com/kd2280/kl18909482/po12/v2/ds253/i2/pic.aspx?1N4AL3AP7DC123961_12.jpg,http://photos2.photoserver.com/kd2280/kl18909482/po13/v2/ds253/i2/pic.aspx?1N4AL3AP7DC123961_13.jpg,http://photos2.photoserver.com/kd2280/kl18909482/po14/v2/ds253/i2/pic.aspx?1N4AL3AP7DC123961_14.jpg,http://photos2.photoserver.com/kd2280/kl18909482/po15/v2/ds253/i2/pic.aspx?1N4AL3AP7DC123961_15.jpg,http://photos2.photoserver.com/kd2280/kl18909482/po16/v2/ds253/i2/pic.aspx?1N4AL3AP7DC123961_16.jpg,http://photos2.photoserver.com/kd2280/kl18909482/po17/v2/ds253/i2/pic.aspx?1N4AL3AP7DC123961_17.jpg,http://photos2.photoserver.com/kd2280/kl18909482/po18/v2/ds253/i2/pic.aspx?1N4AL3AP7DC123961_18.jpg,http://photos2.photoserver.com/kd2280/kl18909482/po19/v2/ds253/i2/pic.aspx?1N4AL3AP7DC123961_19.jpg,http://photos2.photoserver.com/kd2280/kl18909482/po20/v2/ds253/i2/pic.aspx?1N4AL3AP7DC123961_20.jpg,http://photos2.photoserver.com/kd2280/kl18909482/po21/v2/ds253/i2/pic.aspx?1N4AL3AP7DC123961_21.jpg,http://photos2.photoserver.com/kd2280/kl18909482/po22/v2/ds253/i2/pic.aspx?1N4AL3AP7DC123961_22.jpg,http://photos2.photoserver.com/kd2280/kl18909482/po23/v2/ds253/i2/pic.aspx?1N4AL3AP7DC123961_23.jpg,http://photos2.photoserver.com/kd2280/kl18909482/po24/v2/ds253/i2/pic.aspx?1N4AL3AP7DC123961_24.jpg,http://photos2.photoserver.com/kd2280/kl18909482/po25/v2/ds253/i2/pic.aspx?1N4AL3AP7DC123961_25.jpg,http://photos2.photoserver.com/kd2280/kl18909482/po26/v2/ds253/i2/pic.aspx?1N4AL3AP7DC123961_26.jpg,http://photos2.photoserver.com/kd2280/kl18909482/po27/v2/ds253/i2/pic.aspx?1N4AL3AP7DC123961_27.jpg,http://photos2.photoserver.com/kd2280/kl18909482/po28/v2/ds253/i2/pic.aspx?1N4AL3AP7DC123961_28.jpg,http://photos2.photoserver.com/kd2280/kl18909482/po29/v2/ds253/i2/pic.aspx?1N4AL3AP7DC123961_29.jpg,http://photos2.photoserver.com/kd2280/kl18909482/po30/v2/ds253/i2/pic.aspx?1N4AL3AP7DC123961_30.jpg,http://photos2.photoserver.com/kd2280/kl18909482/po31/v2/ds253/i2/pic.aspx?1N4AL3AP7DC123961_31.jpg,http://photos2.photoserver.com/kd2280/kl18909482/po32/v2/ds253/i2/pic.aspx?1N4AL3AP7DC123961_32.jpg,http://photos2.photoserver.com/kd2280/kl18909482/po33/v2/ds253/i2/pic.aspx?1N4AL3AP7DC123961_33.jpg,http://photos2.photoserver.com/kd2280/kl18909482/po34/v2/ds253/i2/pic.aspx?1N4AL3AP7DC123961_34.jpg"
2280,X8821A,used,2012,CHEVROLET,Tahoe,4WD 4dr 1500 LT,1GNSKBE05CR122156,38671,41995,BLACK,BLACK,AUTOMATIC,"2 KEYS,AIR CONDITIONING,ALLOY WHEELS,ANTI-LOCK BRAKES,BLUETOOTH PHONE SYSTEM,CD PLAYER,CLIMATE CONTROL,CRUISE CONTROL,DRIVER AIRBAG,DUAL ZONE CLIMATE CONTROL,DVD ENTERTAINMENT SYSTEM,FOG LIGHTS,HEATED MIRRORS,HEATED SEATS,LEATHER SEATS,LUGGAGE RACK,ON-STAR,OWNER'S MANUAL,PASSENGER AIRBAG,POWER DRIVERS SEAT,POWER LOCKS,POWER MIRRORS,POWER PASSENGER SEAT,POWER SEATS,POWER WINDOWS,REAR CLIMATE CONTROL,REAR DEFROSTER,REAR PARKING ASSISTANT,REAR WIPER,REMOTE KEYS,REMOTE STARTER,SATELLITE RADIO,SECURITY SYSTEM,SIDE AIRBAGS,SUN ROOF,TACHOMETER,THIRD ROW SEATING,TIRE PRESSURE MONITOR,TRACTION CONTROL,VARIABLE WIPERS",suv,5.3L V8 16V MPFI OHV Flexible Fuel,4WD,FLEX FUEL CAPABILITY,"http://photos2.photoserver.com/kd2280/kl18920216/po1/v2/ds253/i1/pic.aspx?1GNSKBE05CR122156_1.jpg,http://photos2.photoserver.com/kd2280/kl18920216/po2/v2/ds253/i1/pic.aspx?1GNSKBE05CR122156_2.jpg,http://photos2.photoserver.com/kd2280/kl18920216/po3/v2/ds253/i1/pic.aspx?1GNSKBE05CR122156_3.jpg,http://photos2.photoserver.com/kd2280/kl18920216/po4/v2/ds253/i1/pic.aspx?1GNSKBE05CR122156_4.jpg,http://photos2.photoserver.com/kd2280/kl18920216/po5/v2/ds253/i1/pic.aspx?1GNSKBE05CR122156_5.jpg,http://photos2.photoserver.com/kd2280/kl18920216/po6/v2/ds253/i1/pic.aspx?1GNSKBE05CR122156_6.jpg,http://photos2.photoserver.com/kd2280/kl18920216/po7/v2/ds253/i1/pic.aspx?1GNSKBE05CR122156_7.jpg,http://photos2.photoserver.com/kd2280/kl18920216/po8/v2/ds253/i1/pic.aspx?1GNSKBE05CR122156_8.jpg,http://photos2.photoserver.com/kd2280/kl18920216/po9/v2/ds253/i1/pic.aspx?1GNSKBE05CR122156_9.jpg,http://photos2.photoserver.com/kd2280/kl18920216/po10/v2/ds253/i1/pic.aspx?1GNSKBE05CR122156_10.jpg,http://photos2.photoserver.com/kd2280/kl18920216/po11/v2/ds253/i1/pic.aspx?1GNSKBE05CR122156_11.jpg,http://photos2.photoserver.com/kd2280/kl18920216/po12/v2/ds253/i1/pic.aspx?1GNSKBE05CR122156_12.jpg,http://photos2.photoserver.com/kd2280/kl18920216/po13/v2/ds253/i1/pic.aspx?1GNSKBE05CR122156_13.jpg,http://photos2.photoserver.com/kd2280/kl18920216/po14/v2/ds253/i1/pic.aspx?1GNSKBE05CR122156_14.jpg,http://photos2.photoserver.com/kd2280/kl18920216/po15/v2/ds253/i1/pic.aspx?1GNSKBE05CR122156_15.jpg,http://photos2.photoserver.com/kd2280/kl18920216/po16/v2/ds253/i1/pic.aspx?1GNSKBE05CR122156_16.jpg,http://photos2.photoserver.com/kd2280/kl18920216/po17/v2/ds253/i1/pic.aspx?1GNSKBE05CR122156_17.jpg,http://photos2.photoserver.com/kd2280/kl18920216/po18/v2/ds253/i1/pic.aspx?1GNSKBE05CR122156_18.jpg,http://photos2.photoserver.com/kd2280/kl18920216/po19/v2/ds253/i1/pic.aspx?1GNSKBE05CR122156_19.jpg,http://photos2.photoserver.com/kd2280/kl18920216/po20/v2/ds253/i1/pic.aspx?1GNSKBE05CR122156_20.jpg,http://photos2.photoserver.com/kd2280/kl18920216/po21/v2/ds253/i1/pic.aspx?1GNSKBE05CR122156_21.jpg,http://photos2.photoserver.com/kd2280/kl18920216/po22/v2/ds253/i1/pic.aspx?1GNSKBE05CR122156_22.jpg,http://photos2.photoserver.com/kd2280/kl18920216/po23/v2/ds253/i1/pic.aspx?1GNSKBE05CR122156_23.jpg,http://photos2.photoserver.com/kd2280/kl18920216/po24/v2/ds253/i1/pic.aspx?1GNSKBE05CR122156_24.jpg,http://photos2.photoserver.com/kd2280/kl18920216/po25/v2/ds253/i1/pic.aspx?1GNSKBE05CR122156_25.jpg,http://photos2.photoserver.com/kd2280/kl18920216/po26/v2/ds253/i1/pic.aspx?1GNSKBE05CR122156_26.jpg,http://photos2.photoserver.com/kd2280/kl18920216/po27/v2/ds253/i1/pic.aspx?1GNSKBE05CR122156_27.jpg,http://photos2.photoserver.com/kd2280/kl18920216/po28/v2/ds253/i1/pic.aspx?1GNSKBE05CR122156_28.jpg,http://photos2.photoserver.com/kd2280/kl18920216/po29/v2/ds253/i1/pic.aspx?1GNSKBE05CR122156_29.jpg,http://photos2.photoserver.com/kd2280/kl18920216/po30/v2/ds253/i1/pic.aspx?1GNSKBE05CR122156_30.jpg,http://photos2.photoserver.com/kd2280/kl18920216/po31/v2/ds253/i1/pic.aspx?1GNSKBE05CR122156_31.jpg,http://photos2.photoserver.com/kd2280/kl18920216/po32/v2/ds253/i1/pic.aspx?1GNSKBE05CR122156_32.jpg,http://photos2.photoserver.com/kd2280/kl18920216/po33/v2/ds253/i1/pic.aspx?1GNSKBE05CR122156_33.jpg,http://photos2.photoserver.com/kd2280/kl18920216/po34/v2/ds253/i1/pic.aspx?1GNSKBE05CR122156_34.jpg,http://photos2.photoserver.com/kd2280/kl18920216/po35/v2/ds253/i1/pic.aspx?1GNSKBE05CR122156_35.jpg"
2739,X2617A,certified,2009,FORD,Fusion,4dr Sdn V6 SEL FWD,3FAHP08119R117052,37000,19995,BEIGE,BEIGE,AUTOMATIC,"2 KEYS,ANTI-LOCK BRAKES,CD PLAYER,CLIMATE CONTROL,CRUISE CONTROL,DRIVER AIRBAG,FOG LIGHTS,POWER DRIVERS SEAT,POWER LOCKS,POWER SEATS,TACHOMETER,VARIABLE WIPERS",sedan,3.0L V6 24V MPFI DOHC,FRONT-WHEEL DRIVE,GASOLINE FUEL,"http://photos2.photoserver.com/kd2739/kl12542810/po1/v2/ds253/i1/pic.aspx?3FAHP08119R117052_1.jpg,http://photos2.photoserver.com/kd2739/kl12542810/po2/v2/ds253/i1/pic.aspx?3FAHP08119R117052_2.jpg,http://photos2.photoserver.com/kd2739/kl12542810/po3/v2/ds253/i1/pic.aspx?3FAHP08119R117052_3.jpg,http://photos2.photoserver.com/kd2739/kl12542810/po4/v2/ds253/i1/pic.aspx?3FAHP08119R117052_4.jpg,http://photos2.photoserver.com/kd2739/kl12542810/po5/v2/ds253/i1/pic.aspx?3FAHP08119R117052_5.jpg,http://photos2.photoserver.com/kd2739/kl12542810/po6/v2/ds253/i1/pic.aspx?3FAHP08119R117052_6.jpg,http://photos2.photoserver.com/kd2739/kl12542810/po7/v2/ds253/i1/pic.aspx?3FAHP08119R117052_7.jpg,http://photos2.photoserver.com/kd2739/kl12542810/po8/v2/ds253/i1/pic.aspx?3FAHP08119R117052_8.jpg,http://photos2.photoserver.com/kd2739/kl12542810/po9/v2/ds253/i1/pic.aspx?3FAHP08119R117052_9.jpg,http://photos2.photoserver.com/kd2739/kl12542810/po10/v2/ds253/i1/pic.aspx?3FAHP08119R117052_10.jpg,http://photos2.photoserver.com/kd2739/kl12542810/po11/v2/ds253/i1/pic.aspx?3FAHP08119R117052_11.jpg,http://photos2.photoserver.com/kd2739/kl12542810/po12/v2/ds253/i1/pic.aspx?3FAHP08119R117052_12.jpg,http://photos2.photoserver.com/kd2739/kl12542810/po13/v2/ds253/i1/pic.aspx?3FAHP08119R117052_13.jpg,http://photos2.photoserver.com/kd2739/kl12542810/po14/v2/ds253/i1/pic.aspx?3FAHP08119R117052_14.jpg,http://photos2.photoserver.com/kd2739/kl12542810/po15/v2/ds253/i1/pic.aspx?3FAHP08119R117052_15.jpg,http://photos2.photoserver.com/kd2739/kl12542810/po16/v2/ds253/i1/pic.aspx?3FAHP08119R117052_16.jpg,http://photos2.photoserver.com/kd2739/kl12542810/po17/v2/ds253/i1/pic.aspx?3FAHP08119R117052_17.jpg,http://photos2.photoserver.com/kd2739/kl12542810/po18/v2/ds253/i1/pic.aspx?3FAHP08119R117052_18.jpg,http://photos2.photoserver.com/kd2739/kl12542810/po19/v2/ds253/i1/pic.aspx?3FAHP08119R117052_19.jpg,http://photos2.photoserver.com/kd2739/kl12542810/po20/v2/ds253/i1/pic.aspx?3FAHP08119R117052_20.jpg,http://photos2.photoserver.com/kd2739/kl12542810/po21/v2/ds253/i1/pic.aspx?3FAHP08119R117052_21.jpg,http://photos2.photoserver.com/kd2739/kl12542810/po22/v2/ds253/i1/pic.aspx?3FAHP08119R117052_22.jpg,http://photos2.photoserver.com/kd2739/kl12542810/po23/v2/ds253/i1/pic.aspx?3FAHP08119R117052_23.jpg,http://photos2.photoserver.com/kd2739/kl12542810/po24/v2/ds253/i1/pic.aspx?3FAHP08119R117052_24.jpg,http://photos2.photoserver.com/kd2739/kl12542810/po25/v2/ds253/i1/pic.aspx?3FAHP08119R117052_25.jpg,http://photos2.photoserver.com/kd2739/kl12542810/po26/v2/ds253/i1/pic.aspx?3FAHP08119R117052_26.jpg,http://photos2.photoserver.com/kd2739/kl12542810/po27/v2/ds253/i1/pic.aspx?3FAHP08119R117052_27.jpg,http://photos2.photoserver.com/kd2739/kl12542810/po28/v2/ds253/i1/pic.aspx?3FAHP08119R117052_28.jpg,http://photos2.photoserver.com/kd2739/kl12542810/po29/v2/ds253/i1/pic.aspx?3FAHP08119R117052_29.jpg,http://photos2.photoserver.com/kd2739/kl12542810/po30/v2/ds253/i1/pic.aspx?3FAHP08119R117052_30.jpg,http://photos2.photoserver.com/kd2739/kl12542810/po31/v2/ds253/i1/pic.aspx?3FAHP08119R117052_31.jpg"
2739,X2622A,used,2009,FORD,Fusion,4dr Sdn I4 SE FWD,3FAHP07Z69R110959,46969,19995,BLACK,BLACK,AUTOMATIC,,sedan,2.3L I4 16V MPFI DOHC,FRONT-WHEEL DRIVE,GASOLINE FUEL,"http://photos2.photoserver.com/kd2739/kl12542839/po1/v2/ds253/i1/pic.aspx?3FAHP07Z69R110959_1.jpg,http://photos2.photoserver.com/kd2739/kl12542839/po2/v2/ds253/i1/pic.aspx?3FAHP07Z69R110959_2.jpg,http://photos2.photoserver.com/kd2739/kl12542839/po3/v2/ds253/i1/pic.aspx?3FAHP07Z69R110959_3.jpg,http://photos2.photoserver.com/kd2739/kl12542839/po4/v2/ds253/i1/pic.aspx?3FAHP07Z69R110959_4.jpg,http://photos2.photoserver.com/kd2739/kl12542839/po5/v2/ds253/i1/pic.aspx?3FAHP07Z69R110959_5.jpg,http://photos2.photoserver.com/kd2739/kl12542839/po6/v2/ds253/i1/pic.aspx?3FAHP07Z69R110959_6.jpg,http://photos2.photoserver.com/kd2739/kl12542839/po7/v2/ds253/i1/pic.aspx?3FAHP07Z69R110959_7.jpg,http://photos2.photoserver.com/kd2739/kl12542839/po8/v2/ds253/i1/pic.aspx?3FAHP07Z69R110959_8.jpg,http://photos2.photoserver.com/kd2739/kl12542839/po9/v2/ds253/i1/pic.aspx?3FAHP07Z69R110959_9.jpg,http://photos2.photoserver.com/kd2739/kl12542839/po10/v2/ds253/i1/pic.aspx?3FAHP07Z69R110959_10.jpg,http://photos2.photoserver.com/kd2739/kl12542839/po11/v2/ds253/i1/pic.aspx?3FAHP07Z69R110959_11.jpg,http://photos2.photoserver.com/kd2739/kl12542839/po12/v2/ds253/i1/pic.aspx?3FAHP07Z69R110959_12.jpg,http://photos2.photoserver.com/kd2739/kl12542839/po13/v2/ds253/i1/pic.aspx?3FAHP07Z69R110959_13.jpg,http://photos2.photoserver.com/kd2739/kl12542839/po14/v2/ds253/i1/pic.aspx?3FAHP07Z69R110959_14.jpg,http://photos2.photoserver.com/kd2739/kl12542839/po15/v2/ds253/i1/pic.aspx?3FAHP07Z69R110959_15.jpg,http://photos2.photoserver.com/kd2739/kl12542839/po16/v2/ds253/i1/pic.aspx?3FAHP07Z69R110959_16.jpg,http://photos2.photoserver.com/kd2739/kl12542839/po17/v2/ds253/i1/pic.aspx?3FAHP07Z69R110959_17.jpg,http://photos2.photoserver.com/kd2739/kl12542839/po18/v2/ds253/i1/pic.aspx?3FAHP07Z69R110959_18.jpg,http://photos2.photoserver.com/kd2739/kl12542839/po19/v2/ds253/i1/pic.aspx?3FAHP07Z69R110959_19.jpg,http://photos2.photoserver.com/kd2739/kl12542839/po20/v2/ds253/i1/pic.aspx?3FAHP07Z69R110959_20.jpg,http://photos2.photoserver.com/kd2739/kl12542839/po21/v2/ds253/i1/pic.aspx?3FAHP07Z69R110959_21.jpg,http://photos2.photoserver.com/kd2739/kl12542839/po22/v2/ds253/i1/pic.aspx?3FAHP07Z69R110959_22.jpg,http://photos2.photoserver.com/kd2739/kl12542839/po23/v2/ds253/i1/pic.aspx?3FAHP07Z69R110959_23.jpg,http://photos2.photoserver.com/kd2739/kl12542839/po24/v2/ds253/i1/pic.aspx?3FAHP07Z69R110959_24.jpg,http://photos2.photoserver.com/kd2739/kl12542839/po25/v2/ds253/i1/pic.aspx?3FAHP07Z69R110959_25.jpg,http://photos2.photoserver.com/kd2739/kl12542839/po26/v2/ds253/i1/pic.aspx?3FAHP07Z69R110959_26.jpg,http://photos2.photoserver.com/kd2739/kl12542839/po27/v2/ds253/i1/pic.aspx?3FAHP07Z69R110959_27.jpg,http://photos2.photoserver.com/kd2739/kl12542839/po28/v2/ds253/i1/pic.aspx?3FAHP07Z69R110959_28.jpg,http://photos2.photoserver.com/kd2739/kl12542839/po29/v2/ds253/i1/pic.aspx?3FAHP07Z69R110959_29.jpg,http://photos2.photoserver.com/kd2739/kl12542839/po30/v2/ds253/i1/pic.aspx?3FAHP07Z69R110959_30.jpg,http://photos2.photoserver.com/kd2739/kl12542839/po31/v2/ds253/i1/pic.aspx?3FAHP07Z69R110959_31.jpg"
2739,Z0148A,certified,2010,FORD,Focus,4dr Sdn SE,1FAHP3FN3AW217047,42633,16995,BLUE,Unspecified,,,sedan,2.0L I4 16V MPFI DOHC,FRONT-WHEEL DRIVE,GASOLINE FUEL,"http://photos2.photoserver.com/kd2739/kl15220158/po1/v2/ds253/i2/pic.aspx?1FAHP3FN3AW217047_1.jpg,http://photos2.photoserver.com/kd2739/kl15220158/po2/v2/ds253/i2/pic.aspx?1FAHP3FN3AW217047_2.jpg,http://photos2.photoserver.com/kd2739/kl15220158/po3/v2/ds253/i2/pic.aspx?1FAHP3FN3AW217047_3.jpg,http://photos2.photoserver.com/kd2739/kl15220158/po4/v2/ds253/i2/pic.aspx?1FAHP3FN3AW217047_4.jpg,http://photos2.photoserver.com/kd2739/kl15220158/po5/v2/ds253/i2/pic.aspx?1FAHP3FN3AW217047_5.jpg,http://photos2.photoserver.com/kd2739/kl15220158/po6/v2/ds253/i2/pic.aspx?1FAHP3FN3AW217047_6.jpg,http://photos2.photoserver.com/kd2739/kl15220158/po7/v2/ds253/i2/pic.aspx?1FAHP3FN3AW217047_7.jpg,http://photos2.photoserver.com/kd2739/kl15220158/po8/v2/ds253/i2/pic.aspx?1FAHP3FN3AW217047_8.jpg,http://photos2.photoserver.com/kd2739/kl15220158/po9/v2/ds253/i2/pic.aspx?1FAHP3FN3AW217047_9.jpg,http://photos2.photoserver.com/kd2739/kl15220158/po10/v2/ds253/i2/pic.aspx?1FAHP3FN3AW217047_10.jpg,http://photos2.photoserver.com/kd2739/kl15220158/po11/v2/ds253/i2/pic.aspx?1FAHP3FN3AW217047_11.jpg,http://photos2.photoserver.com/kd2739/kl15220158/po12/v2/ds253/i2/pic.aspx?1FAHP3FN3AW217047_12.jpg,http://photos2.photoserver.com/kd2739/kl15220158/po13/v2/ds253/i2/pic.aspx?1FAHP3FN3AW217047_13.jpg,http://photos2.photoserver.com/kd2739/kl15220158/po14/v2/ds253/i2/pic.aspx?1FAHP3FN3AW217047_14.jpg,http://photos2.photoserver.com/kd2739/kl15220158/po15/v2/ds253/i2/pic.aspx?1FAHP3FN3AW217047_15.jpg,http://photos2.photoserver.com/kd2739/kl15220158/po16/v2/ds253/i2/pic.aspx?1FAHP3FN3AW217047_16.jpg,http://photos2.photoserver.com/kd2739/kl15220158/po17/v2/ds253/i2/pic.aspx?1FAHP3FN3AW217047_17.jpg,http://photos2.photoserver.com/kd2739/kl15220158/po18/v2/ds253/i2/pic.aspx?1FAHP3FN3AW217047_18.jpg,http://photos2.photoserver.com/kd2739/kl15220158/po19/v2/ds253/i2/pic.aspx?1FAHP3FN3AW217047_19.jpg,http://photos2.photoserver.com/kd2739/kl15220158/po20/v2/ds253/i2/pic.aspx?1FAHP3FN3AW217047_20.jpg,http://photos2.photoserver.com/kd2739/kl15220158/po21/v2/ds253/i2/pic.aspx?1FAHP3FN3AW217047_21.jpg,http://photos2.photoserver.com/kd2739/kl15220158/po22/v2/ds253/i2/pic.aspx?1FAHP3FN3AW217047_22.jpg,http://photos2.photoserver.com/kd2739/kl15220158/po23/v2/ds253/i2/pic.aspx?1FAHP3FN3AW217047_23.jpg,http://photos2.photoserver.com/kd2739/kl15220158/po24/v2/ds253/i2/pic.aspx?1FAHP3FN3AW217047_24.jpg,http://photos2.photoserver.com/kd2739/kl15220158/po25/v2/ds253/i2/pic.aspx?1FAHP3FN3AW217047_25.jpg,http://photos2.photoserver.com/kd2739/kl15220158/po26/v2/ds253/i2/pic.aspx?1FAHP3FN3AW217047_26.jpg"
2739,Z0146A,used,2010,FORD,Focus,4dr Sdn SEL,1FAHP3HN7AW264076,31798,18995,GREEN,Unspecified,,,sedan,2.0L I4 16V MPFI DOHC,FRONT-WHEEL DRIVE,GASOLINE FUEL,"http://photos2.photoserver.com/kd2739/kl15220159/po1/v2/ds253/i2/pic.aspx?1FAHP3HN7AW264076_1.jpg,http://photos2.photoserver.com/kd2739/kl15220159/po2/v2/ds253/i2/pic.aspx?1FAHP3HN7AW264076_2.jpg,http://photos2.photoserver.com/kd2739/kl15220159/po3/v2/ds253/i2/pic.aspx?1FAHP3HN7AW264076_3.jpg,http://photos2.photoserver.com/kd2739/kl15220159/po4/v2/ds253/i2/pic.aspx?1FAHP3HN7AW264076_4.jpg,http://photos2.photoserver.com/kd2739/kl15220159/po5/v2/ds253/i2/pic.aspx?1FAHP3HN7AW264076_5.jpg,http://photos2.photoserver.com/kd2739/kl15220159/po6/v2/ds253/i2/pic.aspx?1FAHP3HN7AW264076_6.jpg,http://photos2.photoserver.com/kd2739/kl15220159/po7/v2/ds253/i2/pic.aspx?1FAHP3HN7AW264076_7.jpg,http://photos2.photoserver.com/kd2739/kl15220159/po8/v2/ds253/i2/pic.aspx?1FAHP3HN7AW264076_8.jpg,http://photos2.photoserver.com/kd2739/kl15220159/po9/v2/ds253/i2/pic.aspx?1FAHP3HN7AW264076_9.jpg,http://photos2.photoserver.com/kd2739/kl15220159/po10/v2/ds253/i2/pic.aspx?1FAHP3HN7AW264076_10.jpg,http://photos2.photoserver.com/kd2739/kl15220159/po11/v2/ds253/i2/pic.aspx?1FAHP3HN7AW264076_11.jpg,http://photos2.photoserver.com/kd2739/kl15220159/po12/v2/ds253/i2/pic.aspx?1FAHP3HN7AW264076_12.jpg,http://photos2.photoserver.com/kd2739/kl15220159/po13/v2/ds253/i2/pic.aspx?1FAHP3HN7AW264076_13.jpg,http://photos2.photoserver.com/kd2739/kl15220159/po14/v2/ds253/i2/pic.aspx?1FAHP3HN7AW264076_14.jpg,http://photos2.photoserver.com/kd2739/kl15220159/po15/v2/ds253/i2/pic.aspx?1FAHP3HN7AW264076_15.jpg,http://photos2.photoserver.com/kd2739/kl15220159/po16/v2/ds253/i2/pic.aspx?1FAHP3HN7AW264076_16.jpg,http://photos2.photoserver.com/kd2739/kl15220159/po17/v2/ds253/i2/pic.aspx?1FAHP3HN7AW264076_17.jpg,http://photos2.photoserver.com/kd2739/kl15220159/po18/v2/ds253/i2/pic.aspx?1FAHP3HN7AW264076_18.jpg,http://photos2.photoserver.com/kd2739/kl15220159/po19/v2/ds253/i2/pic.aspx?1FAHP3HN7AW264076_19.jpg,http://photos2.photoserver.com/kd2739/kl15220159/po20/v2/ds253/i2/pic.aspx?1FAHP3HN7AW264076_20.jpg,http://photos2.photoserver.com/kd2739/kl15220159/po21/v2/ds253/i2/pic.aspx?1FAHP3HN7AW264076_21.jpg,http://photos2.photoserver.com/kd2739/kl15220159/po22/v2/ds253/i2/pic.aspx?1FAHP3HN7AW264076_22.jpg,http://photos2.photoserver.com/kd2739/kl15220159/po23/v2/ds253/i2/pic.aspx?1FAHP3HN7AW264076_23.jpg,http://photos2.photoserver.com/kd2739/kl15220159/po24/v2/ds253/i2/pic.aspx?1FAHP3HN7AW264076_24.jpg"
2739,F12018,new,2012,FORD,Super Duty F-250 SRW,4WD Reg Cab 137 XLT,1FTBF2BT6CEA37586,10,46030,WHITE,Unspecified,AUTOMATIC,,truck,6.7L V8 32V DDI OHV Turbo Diesel,FOUR-WHEEL DRIVE WITH LOCKING DIFFERENTIAL,,"http://photos2.photoserver.com/kd2739/kl15590283/po1/v2/ds253/i2/pic.aspx?1FTBF2BT6CEA37586_1.jpg,http://photos2.photoserver.com/kd2739/kl15590283/po2/v2/ds253/i2/pic.aspx?1FTBF2BT6CEA37586_2.jpg,http://photos2.photoserver.com/kd2739/kl15590283/po3/v2/ds253/i2/pic.aspx?1FTBF2BT6CEA37586_3.jpg,http://photos2.photoserver.com/kd2739/kl15590283/po4/v2/ds253/i2/pic.aspx?1FTBF2BT6CEA37586_4.jpg,http://photos2.photoserver.com/kd2739/kl15590283/po5/v2/ds253/i2/pic.aspx?1FTBF2BT6CEA37586_5.jpg,http://photos2.photoserver.com/kd2739/kl15590283/po6/v2/ds253/i2/pic.aspx?1FTBF2BT6CEA37586_6.jpg,http://photos2.photoserver.com/kd2739/kl15590283/po7/v2/ds253/i2/pic.aspx?1FTBF2BT6CEA37586_7.jpg,http://photos2.photoserver.com/kd2739/kl15590283/po8/v2/ds253/i2/pic.aspx?1FTBF2BT6CEA37586_8.jpg,http://photos2.photoserver.com/kd2739/kl15590283/po9/v2/ds253/i2/pic.aspx?1FTBF2BT6CEA37586_9.jpg,http://photos2.photoserver.com/kd2739/kl15590283/po10/v2/ds253/i2/pic.aspx?1FTBF2BT6CEA37586_10.jpg,http://photos2.photoserver.com/kd2739/kl15590283/po11/v2/ds253/i2/pic.aspx?1FTBF2BT6CEA37586_11.jpg,http://photos2.photoserver.com/kd2739/kl15590283/po12/v2/ds253/i2/pic.aspx?1FTBF2BT6CEA37586_12.jpg,http://photos2.photoserver.com/kd2739/kl15590283/po13/v2/ds253/i2/pic.aspx?1FTBF2BT6CEA37586_13.jpg,http://photos2.photoserver.com/kd2739/kl15590283/po14/v2/ds253/i2/pic.aspx?1FTBF2BT6CEA37586_14.jpg,http://photos2.photoserver.com/kd2739/kl15590283/po15/v2/ds253/i2/pic.aspx?1FTBF2BT6CEA37586_15.jpg,http://photos2.photoserver.com/kd2739/kl15590283/po16/v2/ds253/i2/pic.aspx?1FTBF2BT6CEA37586_16.jpg,http://photos2.photoserver.com/kd2739/kl15590283/po17/v2/ds253/i2/pic.aspx?1FTBF2BT6CEA37586_17.jpg,http://photos2.photoserver.com/kd2739/kl15590283/po18/v2/ds253/i2/pic.aspx?1FTBF2BT6CEA37586_18.jpg,http://photos2.photoserver.com/kd2739/kl15590283/po19/v2/ds253/i2/pic.aspx?1FTBF2BT6CEA37586_19.jpg,http://photos2.photoserver.com/kd2739/kl15590283/po20/v2/ds253/i2/pic.aspx?1FTBF2BT6CEA37586_20.jpg,http://photos2.photoserver.com/kd2739/kl15590283/po21/v2/ds253/i2/pic.aspx?1FTBF2BT6CEA37586_21.jpg"
2739,F12023,new,2012,FORD,Escape,4WD 4dr XLT,1FMCU9DG6CKA35451,10,30125,BLACK,Unspecified,AUTOMATIC,,suv,3.0L V6 24V MPFI DOHC Flexible Fuel,FOUR-WHEEL DRIVE WITH LOCKING DIFFERENTIAL,,"http://photos2.photoserver.com/kd2739/kl15603706/po1/v2/ds253/i2/pic.aspx?1FMCU9DG6CKA35451_1.jpg,http://photos2.photoserver.com/kd2739/kl15603706/po2/v2/ds253/i2/pic.aspx?1FMCU9DG6CKA35451_2.jpg,http://photos2.photoserver.com/kd2739/kl15603706/po3/v2/ds253/i2/pic.aspx?1FMCU9DG6CKA35451_3.jpg,http://photos2.photoserver.com/kd2739/kl15603706/po4/v2/ds253/i2/pic.aspx?1FMCU9DG6CKA35451_4.jpg,http://photos2.photoserver.com/kd2739/kl15603706/po5/v2/ds253/i2/pic.aspx?1FMCU9DG6CKA35451_5.jpg,http://photos2.photoserver.com/kd2739/kl15603706/po6/v2/ds253/i2/pic.aspx?1FMCU9DG6CKA35451_6.jpg,http://photos2.photoserver.com/kd2739/kl15603706/po7/v2/ds253/i2/pic.aspx?1FMCU9DG6CKA35451_7.jpg,http://photos2.photoserver.com/kd2739/kl15603706/po8/v2/ds253/i2/pic.aspx?1FMCU9DG6CKA35451_8.jpg,http://photos2.photoserver.com/kd2739/kl15603706/po9/v2/ds253/i2/pic.aspx?1FMCU9DG6CKA35451_9.jpg,http://photos2.photoserver.com/kd2739/kl15603706/po10/v2/ds253/i2/pic.aspx?1FMCU9DG6CKA35451_10.jpg,http://photos2.photoserver.com/kd2739/kl15603706/po11/v2/ds253/i2/pic.aspx?1FMCU9DG6CKA35451_11.jpg,http://photos2.photoserver.com/kd2739/kl15603706/po12/v2/ds253/i2/pic.aspx?1FMCU9DG6CKA35451_12.jpg,http://photos2.photoserver.com/kd2739/kl15603706/po13/v2/ds253/i2/pic.aspx?1FMCU9DG6CKA35451_13.jpg,http://photos2.photoserver.com/kd2739/kl15603706/po14/v2/ds253/i2/pic.aspx?1FMCU9DG6CKA35451_14.jpg,http://photos2.photoserver.com/kd2739/kl15603706/po15/v2/ds253/i2/pic.aspx?1FMCU9DG6CKA35451_15.jpg,http://photos2.photoserver.com/kd2739/kl15603706/po16/v2/ds253/i2/pic.aspx?1FMCU9DG6CKA35451_16.jpg,http://photos2.photoserver.com/kd2739/kl15603706/po17/v2/ds253/i2/pic.aspx?1FMCU9DG6CKA35451_17.jpg,http://photos2.photoserver.com/kd2739/kl15603706/po18/v2/ds253/i2/pic.aspx?1FMCU9DG6CKA35451_18.jpg,http://photos2.photoserver.com/kd2739/kl15603706/po19/v2/ds253/i2/pic.aspx?1FMCU9DG6CKA35451_19.jpg,http://photos2.photoserver.com/kd2739/kl15603706/po20/v2/ds253/i2/pic.aspx?1FMCU9DG6CKA35451_20.jpg,http://photos2.photoserver.com/kd2739/kl15603706/po21/v2/ds253/i2/pic.aspx?1FMCU9DG6CKA35451_21.jpg,http://photos2.photoserver.com/kd2739/kl15603706/po22/v2/ds253/i2/pic.aspx?1FMCU9DG6CKA35451_22.jpg,http://photos2.photoserver.com/kd2739/kl15603706/po23/v2/ds253/i2/pic.aspx?1FMCU9DG6CKA35451_23.jpg,http://photos2.photoserver.com/kd2739/kl15603706/po24/v2/ds253/i2/pic.aspx?1FMCU9DG6CKA35451_24.jpg"
2739,F12025,new,2012,FORD,SUPER DUTY F-250,,1FTBF2B62CEA26496,3,41005,WHITE,Unspecified,AUTOMATIC,,truck,6.2L V8 16V MPFI SOHC Flexible Fuel,FOUR-WHEEL DRIVE WITH LOCKING DIFFERENTIAL,,"http://photos2.photoserver.com/kd2739/kl15658915/po1/v2/ds253/i2/pic.aspx?1FTBF2B62CEA26496_1.jpg,http://photos2.photoserver.com/kd2739/kl15658915/po2/v2/ds253/i2/pic.aspx?1FTBF2B62CEA26496_2.jpg,http://photos2.photoserver.com/kd2739/kl15658915/po3/v2/ds253/i2/pic.aspx?1FTBF2B62CEA26496_3.jpg,http://photos2.photoserver.com/kd2739/kl15658915/po4/v2/ds253/i2/pic.aspx?1FTBF2B62CEA26496_4.jpg,http://photos2.photoserver.com/kd2739/kl15658915/po5/v2/ds253/i2/pic.aspx?1FTBF2B62CEA26496_5.jpg,http://photos2.photoserver.com/kd2739/kl15658915/po6/v2/ds253/i2/pic.aspx?1FTBF2B62CEA26496_6.jpg,http://photos2.photoserver.com/kd2739/kl15658915/po7/v2/ds253/i2/pic.aspx?1FTBF2B62CEA26496_7.jpg,http://photos2.photoserver.com/kd2739/kl15658915/po8/v2/ds253/i2/pic.aspx?1FTBF2B62CEA26496_8.jpg,http://photos2.photoserver.com/kd2739/kl15658915/po9/v2/ds253/i2/pic.aspx?1FTBF2B62CEA26496_9.jpg,http://photos2.photoserver.com/kd2739/kl15658915/po10/v2/ds253/i2/pic.aspx?1FTBF2B62CEA26496_10.jpg,http://photos2.photoserver.com/kd2739/kl15658915/po11/v2/ds253/i2/pic.aspx?1FTBF2B62CEA26496_11.jpg,http://photos2.photoserver.com/kd2739/kl15658915/po12/v2/ds253/i2/pic.aspx?1FTBF2B62CEA26496_12.jpg,http://photos2.photoserver.com/kd2739/kl15658915/po13/v2/ds253/i2/pic.aspx?1FTBF2B62CEA26496_13.jpg,http://photos2.photoserver.com/kd2739/kl15658915/po14/v2/ds253/i2/pic.aspx?1FTBF2B62CEA26496_14.jpg,http://photos2.photoserver.com/kd2739/kl15658915/po15/v2/ds253/i2/pic.aspx?1FTBF2B62CEA26496_15.jpg,http://photos2.photoserver.com/kd2739/kl15658915/po16/v2/ds253/i2/pic.aspx?1FTBF2B62CEA26496_16.jpg,http://photos2.photoserver.com/kd2739/kl15658915/po17/v2/ds253/i2/pic.aspx?1FTBF2B62CEA26496_17.jpg,http://photos2.photoserver.com/kd2739/kl15658915/po18/v2/ds253/i2/pic.aspx?1FTBF2B62CEA26496_18.jpg,http://photos2.photoserver.com/kd2739/kl15658915/po19/v2/ds253/i2/pic.aspx?1FTBF2B62CEA26496_19.jpg,http://photos2.photoserver.com/kd2739/kl15658915/po20/v2/ds253/i2/pic.aspx?1FTBF2B62CEA26496_20.jpg,http://photos2.photoserver.com/kd2739/kl15658915/po21/v2/ds253/i2/pic.aspx?1FTBF2B62CEA26496_21.jpg"
2739,F12028,new,2012,FORD,SUPER DUTY F-250,,1FTBF2B61CEA26490,3,42191,WHITE,Unspecified,AUTOMATIC,,truck,6.2L V8 16V MPFI SOHC Flexible Fuel,FOUR-WHEEL DRIVE WITH LOCKING DIFFERENTIAL,,"http://photos2.photoserver.com/kd2739/kl15690428/po1/v2/ds253/i2/pic.aspx?1FTBF2B61CEA26490_1.jpg,http://photos2.photoserver.com/kd2739/kl15690428/po2/v2/ds253/i2/pic.aspx?1FTBF2B61CEA26490_2.jpg,http://photos2.photoserver.com/kd2739/kl15690428/po3/v2/ds253/i2/pic.aspx?1FTBF2B61CEA26490_3.jpg,http://photos2.photoserver.com/kd2739/kl15690428/po4/v2/ds253/i2/pic.aspx?1FTBF2B61CEA26490_4.jpg,http://photos2.photoserver.com/kd2739/kl15690428/po5/v2/ds253/i2/pic.aspx?1FTBF2B61CEA26490_5.jpg,http://photos2.photoserver.com/kd2739/kl15690428/po6/v2/ds253/i2/pic.aspx?1FTBF2B61CEA26490_6.jpg,http://photos2.photoserver.com/kd2739/kl15690428/po7/v2/ds253/i2/pic.aspx?1FTBF2B61CEA26490_7.jpg,http://photos2.photoserver.com/kd2739/kl15690428/po8/v2/ds253/i2/pic.aspx?1FTBF2B61CEA26490_8.jpg,http://photos2.photoserver.com/kd2739/kl15690428/po9/v2/ds253/i2/pic.aspx?1FTBF2B61CEA26490_9.jpg,http://photos2.photoserver.com/kd2739/kl15690428/po10/v2/ds253/i2/pic.aspx?1FTBF2B61CEA26490_10.jpg,http://photos2.photoserver.com/kd2739/kl15690428/po11/v2/ds253/i2/pic.aspx?1FTBF2B61CEA26490_11.jpg,http://photos2.photoserver.com/kd2739/kl15690428/po12/v2/ds253/i2/pic.aspx?1FTBF2B61CEA26490_12.jpg,http://photos2.photoserver.com/kd2739/kl15690428/po13/v2/ds253/i2/pic.aspx?1FTBF2B61CEA26490_13.jpg,http://photos2.photoserver.com/kd2739/kl15690428/po14/v2/ds253/i2/pic.aspx?1FTBF2B61CEA26490_14.jpg,http://photos2.photoserver.com/kd2739/kl15690428/po15/v2/ds253/i2/pic.aspx?1FTBF2B61CEA26490_15.jpg,http://photos2.photoserver.com/kd2739/kl15690428/po16/v2/ds253/i2/pic.aspx?1FTBF2B61CEA26490_16.jpg,http://photos2.photoserver.com/kd2739/kl15690428/po17/v2/ds253/i2/pic.aspx?1FTBF2B61CEA26490_17.jpg,http://photos2.photoserver.com/kd2739/kl15690428/po18/v2/ds253/i2/pic.aspx?1FTBF2B61CEA26490_18.jpg,http://photos2.photoserver.com/kd2739/kl15690428/po19/v2/ds253/i2/pic.aspx?1FTBF2B61CEA26490_19.jpg"
2739,F12029,new,2012,FORD,SUPER DUTY F-250,,1FTBF2B66CEA31927,3,43140,WHITE,Unspecified,AUTOMATIC,,truck,6.2L V8 16V MPFI SOHC Flexible Fuel,FOUR-WHEEL DRIVE WITH LOCKING DIFFERENTIAL,,"http://photos2.photoserver.com/kd2739/kl15701490/po1/v2/ds253/i2/pic.aspx?1FTBF2B66CEA31927_1.jpg,http://photos2.photoserver.com/kd2739/kl15701490/po2/v2/ds253/i2/pic.aspx?1FTBF2B66CEA31927_2.jpg,http://photos2.photoserver.com/kd2739/kl15701490/po3/v2/ds253/i2/pic.aspx?1FTBF2B66CEA31927_3.jpg,http://photos2.photoserver.com/kd2739/kl15701490/po4/v2/ds253/i2/pic.aspx?1FTBF2B66CEA31927_4.jpg,http://photos2.photoserver.com/kd2739/kl15701490/po5/v2/ds253/i2/pic.aspx?1FTBF2B66CEA31927_5.jpg,http://photos2.photoserver.com/kd2739/kl15701490/po6/v2/ds253/i2/pic.aspx?1FTBF2B66CEA31927_6.jpg,http://photos2.photoserver.com/kd2739/kl15701490/po7/v2/ds253/i2/pic.aspx?1FTBF2B66CEA31927_7.jpg,http://photos2.photoserver.com/kd2739/kl15701490/po8/v2/ds253/i2/pic.aspx?1FTBF2B66CEA31927_8.jpg,http://photos2.photoserver.com/kd2739/kl15701490/po9/v2/ds253/i2/pic.aspx?1FTBF2B66CEA31927_9.jpg,http://photos2.photoserver.com/kd2739/kl15701490/po10/v2/ds253/i2/pic.aspx?1FTBF2B66CEA31927_10.jpg,http://photos2.photoserver.com/kd2739/kl15701490/po11/v2/ds253/i2/pic.aspx?1FTBF2B66CEA31927_11.jpg,http://photos2.photoserver.com/kd2739/kl15701490/po12/v2/ds253/i2/pic.aspx?1FTBF2B66CEA31927_12.jpg,http://photos2.photoserver.com/kd2739/kl15701490/po13/v2/ds253/i2/pic.aspx?1FTBF2B66CEA31927_13.jpg,http://photos2.photoserver.com/kd2739/kl15701490/po14/v2/ds253/i2/pic.aspx?1FTBF2B66CEA31927_14.jpg,http://photos2.photoserver.com/kd2739/kl15701490/po15/v2/ds253/i2/pic.aspx?1FTBF2B66CEA31927_15.jpg,http://photos2.photoserver.com/kd2739/kl15701490/po16/v2/ds253/i2/pic.aspx?1FTBF2B66CEA31927_16.jpg,http://photos2.photoserver.com/kd2739/kl15701490/po17/v2/ds253/i2/pic.aspx?1FTBF2B66CEA31927_17.jpg,http://photos2.photoserver.com/kd2739/kl15701490/po18/v2/ds253/i2/pic.aspx?1FTBF2B66CEA31927_18.jpg,http://photos2.photoserver.com/kd2739/kl15701490/po19/v2/ds253/i2/pic.aspx?1FTBF2B66CEA31927_19.jpg"
2739,F12046,new,2012,FORD,Super Duty F-350 DRW,4WD Reg Cab 141 WB 60 CA XL,1FDRF3H62CEA08507,3,42811,WHITE,Unspecified,AUTOMATIC,,car,6.2L V8 16V MPFI SOHC Flexible Fuel,4WD,,"http://photos2.photoserver.com/kd2739/kl16011128/po1/v2/ds253/i2/pic.aspx?1FDRF3H62CEA08507_1.jpg,http://photos2.photoserver.com/kd2739/kl16011128/po2/v2/ds253/i2/pic.aspx?1FDRF3H62CEA08507_2.jpg,http://photos2.photoserver.com/kd2739/kl16011128/po3/v2/ds253/i2/pic.aspx?1FDRF3H62CEA08507_3.jpg,http://photos2.photoserver.com/kd2739/kl16011128/po4/v2/ds253/i2/pic.aspx?1FDRF3H62CEA08507_4.jpg,http://photos2.photoserver.com/kd2739/kl16011128/po5/v2/ds253/i2/pic.aspx?1FDRF3H62CEA08507_5.jpg,http://photos2.photoserver.com/kd2739/kl16011128/po6/v2/ds253/i2/pic.aspx?1FDRF3H62CEA08507_6.jpg,http://photos2.photoserver.com/kd2739/kl16011128/po7/v2/ds253/i2/pic.aspx?1FDRF3H62CEA08507_7.jpg,http://photos2.photoserver.com/kd2739/kl16011128/po8/v2/ds253/i2/pic.aspx?1FDRF3H62CEA08507_8.jpg,http://photos2.photoserver.com/kd2739/kl16011128/po9/v2/ds253/i2/pic.aspx?1FDRF3H62CEA08507_9.jpg,http://photos2.photoserver.com/kd2739/kl16011128/po10/v2/ds253/i2/pic.aspx?1FDRF3H62CEA08507_10.jpg,http://photos2.photoserver.com/kd2739/kl16011128/po11/v2/ds253/i2/pic.aspx?1FDRF3H62CEA08507_11.jpg,http://photos2.photoserver.com/kd2739/kl16011128/po12/v2/ds253/i2/pic.aspx?1FDRF3H62CEA08507_12.jpg,http://photos2.photoserver.com/kd2739/kl16011128/po13/v2/ds253/i2/pic.aspx?1FDRF3H62CEA08507_13.jpg,http://photos2.photoserver.com/kd2739/kl16011128/po14/v2/ds253/i2/pic.aspx?1FDRF3H62CEA08507_14.jpg,http://photos2.photoserver.com/kd2739/kl16011128/po15/v2/ds253/i2/pic.aspx?1FDRF3H62CEA08507_15.jpg,http://photos2.photoserver.com/kd2739/kl16011128/po16/v2/ds253/i2/pic.aspx?1FDRF3H62CEA08507_16.jpg,http://photos2.photoserver.com/kd2739/kl16011128/po17/v2/ds253/i2/pic.aspx?1FDRF3H62CEA08507_17.jpg,http://photos2.photoserver.com/kd2739/kl16011128/po18/v2/ds253/i2/pic.aspx?1FDRF3H62CEA08507_18.jpg,http://photos2.photoserver.com/kd2739/kl16011128/po19/v2/ds253/i2/pic.aspx?1FDRF3H62CEA08507_19.jpg,http://photos2.photoserver.com/kd2739/kl16011128/po20/v2/ds253/i2/pic.aspx?1FDRF3H62CEA08507_20.jpg"
2281,B11069,used,2011,BMW,3 Series,2dr Cpe 328i xDrive AWD,WBAKF3C59BE566838,9684,39995,RED,BLACK,6-SPEED STEPTRONIC AUTOMATIC TRANSMISSION,"2 KEYS,2-WAY POWER GLASS MOONROOF,6-SPEED STEPTRONIC AUTOMATIC TRANSMISSION,AIR CONDITIONING,ALLOY WHEELS,ANTI-LOCK BRAKES,ANTI-THEFT ALARM SYSTEM,BLACK; DAKOTA LEATHER SEAT TRIM,BLUETOOTH PHONE SYSTEM,BMW ASSIST,CD PLAYER,COLD CLIMATE PACKAGE,CRUISE CONTROL,FOG LIGHTS,HEATED FRONT SEATS,HEATED MIRRORS,HEATED SEATS,HEATED STEERING WHEEL,IPOD & USB ADAPTER,LEATHER SEATS,MEMORY SEATING,OWNER'S MANUAL,POWER LOCKS,POWER MIRRORS,POWER SEATS,POWER WINDOWS,PWR FRONT SEATS,RAIN SENSOR,REAR DEFROSTER,REMOTE KEYS,SECURITY SYSTEM,SIDE AIRBAGS,SPORT STEERING WHEEL W/PADDLES,SUN ROOF,TACHOMETER,TIRE PRESSURE MONITOR,TRACTION CONTROL,VARIABLE WIPERS",coupe,3.0L I6 24V MPFI DOHC,ALL-WHEEL DRIVE,GASOLINE FUEL,"http://photos2.photoserver.com/kd2281/kl12345852/po1/v2/ds253/i2/pic.aspx?WBAKF3C59BE566838_1.jpg,http://photos2.photoserver.com/kd2281/kl12345852/po2/v2/ds253/i2/pic.aspx?WBAKF3C59BE566838_2.jpg,http://photos2.photoserver.com/kd2281/kl12345852/po3/v2/ds253/i2/pic.aspx?WBAKF3C59BE566838_3.jpg,http://photos2.photoserver.com/kd2281/kl12345852/po4/v2/ds253/i2/pic.aspx?WBAKF3C59BE566838_4.jpg,http://photos2.photoserver.com/kd2281/kl12345852/po5/v2/ds253/i2/pic.aspx?WBAKF3C59BE566838_5.jpg,http://photos2.photoserver.com/kd2281/kl12345852/po6/v2/ds253/i2/pic.aspx?WBAKF3C59BE566838_6.jpg,http://photos2.photoserver.com/kd2281/kl12345852/po7/v2/ds253/i2/pic.aspx?WBAKF3C59BE566838_7.jpg,http://photos2.photoserver.com/kd2281/kl12345852/po8/v2/ds253/i2/pic.aspx?WBAKF3C59BE566838_8.jpg,http://photos2.photoserver.com/kd2281/kl12345852/po9/v2/ds253/i2/pic.aspx?WBAKF3C59BE566838_9.jpg,http://photos2.photoserver.com/kd2281/kl12345852/po10/v2/ds253/i2/pic.aspx?WBAKF3C59BE566838_10.jpg,http://photos2.photoserver.com/kd2281/kl12345852/po11/v2/ds253/i2/pic.aspx?WBAKF3C59BE566838_11.jpg,http://photos2.photoserver.com/kd2281/kl12345852/po12/v2/ds253/i2/pic.aspx?WBAKF3C59BE566838_12.jpg,http://photos2.photoserver.com/kd2281/kl12345852/po13/v2/ds253/i2/pic.aspx?WBAKF3C59BE566838_13.jpg,http://photos2.photoserver.com/kd2281/kl12345852/po14/v2/ds253/i2/pic.aspx?WBAKF3C59BE566838_14.jpg,http://photos2.photoserver.com/kd2281/kl12345852/po15/v2/ds253/i2/pic.aspx?WBAKF3C59BE566838_15.jpg,http://photos2.photoserver.com/kd2281/kl12345852/po16/v2/ds253/i2/pic.aspx?WBAKF3C59BE566838_16.jpg,http://photos2.photoserver.com/kd2281/kl12345852/po17/v2/ds253/i2/pic.aspx?WBAKF3C59BE566838_17.jpg,http://photos2.photoserver.com/kd2281/kl12345852/po18/v2/ds253/i2/pic.aspx?WBAKF3C59BE566838_18.jpg,http://photos2.photoserver.com/kd2281/kl12345852/po19/v2/ds253/i2/pic.aspx?WBAKF3C59BE566838_19.jpg,http://photos2.photoserver.com/kd2281/kl12345852/po20/v2/ds253/i2/pic.aspx?WBAKF3C59BE566838_20.jpg,http://photos2.photoserver.com/kd2281/kl12345852/po21/v2/ds253/i2/pic.aspx?WBAKF3C59BE566838_21.jpg,http://photos2.photoserver.com/kd2281/kl12345852/po22/v2/ds253/i2/pic.aspx?WBAKF3C59BE566838_22.jpg,http://photos2.photoserver.com/kd2281/kl12345852/po23/v2/ds253/i2/pic.aspx?WBAKF3C59BE566838_23.jpg,http://photos2.photoserver.com/kd2281/kl12345852/po24/v2/ds253/i2/pic.aspx?WBAKF3C59BE566838_24.jpg,http://photos2.photoserver.com/kd2281/kl12345852/po25/v2/ds253/i2/pic.aspx?WBAKF3C59BE566838_25.jpg,http://photos2.photoserver.com/kd2281/kl12345852/po26/v2/ds253/i2/pic.aspx?WBAKF3C59BE566838_26.jpg,http://photos2.photoserver.com/kd2281/kl12345852/po27/v2/ds253/i2/pic.aspx?WBAKF3C59BE566838_27.jpg,http://photos2.photoserver.com/kd2281/kl12345852/po28/v2/ds253/i2/pic.aspx?WBAKF3C59BE566838_28.jpg,http://photos2.photoserver.com/kd2281/kl12345852/po29/v2/ds253/i2/pic.aspx?WBAKF3C59BE566838_29.jpg,http://photos2.photoserver.com/kd2281/kl12345852/po30/v2/ds253/i2/pic.aspx?WBAKF3C59BE566838_30.jpg,http://photos2.photoserver.com/kd2281/kl12345852/po31/v2/ds253/i2/pic.aspx?WBAKF3C59BE566838_31.jpg,http://photos2.photoserver.com/kd2281/kl12345852/po32/v2/ds253/i2/pic.aspx?WBAKF3C59BE566838_32.jpg"
2281,X2647A,used,2008,BMW,X3,AWD 4dr 3.0si,WBXPC93408WJ05075,78855,22995,SILVER,BLACK,6-SPEED STEPTRONIC AUTOMATIC TRANSMISSION,"2 KEYS,AIR CONDITIONING,ALLOY WHEELS,ANTI-LOCK BRAKES,CD PLAYER,CLIMATE CONTROL,CRUISE CONTROL,DRIVER AIRBAG,FOG LIGHTS,HEATED MIRRORS,HEATED SEATS,HOME LINK,LEATHER SEATS,LUGGAGE RACK,MEMORY SEATING,OWNER'S MANUAL,PASSENGER AIRBAG,POWER LOCKS,POWER MIRRORS,POWER SEATS,POWER WINDOWS,REAR DEFROSTER,REAR WIPER,REMOTE KEYS,SECURITY SYSTEM,SIDE AIRBAGS,SUN ROOF,TACHOMETER,TIRE PRESSURE MONITOR,VARIABLE WIPERS,XENON HEADLIGHTS",suv,3.0L I6 24V MPFI DOHC,ALL WHEEL DRIVE,GASOLINE FUEL,"http://photos2.photoserver.com/kd2281/kl12408995/po1/v2/ds253/i1/pic.aspx?WBXPC93408WJ05075_1.jpg,http://photos2.photoserver.com/kd2281/kl12408995/po2/v2/ds253/i1/pic.aspx?WBXPC93408WJ05075_2.jpg,http://photos2.photoserver.com/kd2281/kl12408995/po3/v2/ds253/i1/pic.aspx?WBXPC93408WJ05075_3.jpg,http://photos2.photoserver.com/kd2281/kl12408995/po4/v2/ds253/i1/pic.aspx?WBXPC93408WJ05075_4.jpg,http://photos2.photoserver.com/kd2281/kl12408995/po5/v2/ds253/i1/pic.aspx?WBXPC93408WJ05075_5.jpg,http://photos2.photoserver.com/kd2281/kl12408995/po6/v2/ds253/i1/pic.aspx?WBXPC93408WJ05075_6.jpg,http://photos2.photoserver.com/kd2281/kl12408995/po7/v2/ds253/i1/pic.aspx?WBXPC93408WJ05075_7.jpg,http://photos2.photoserver.com/kd2281/kl12408995/po8/v2/ds253/i1/pic.aspx?WBXPC93408WJ05075_8.jpg,http://photos2.photoserver.com/kd2281/kl12408995/po9/v2/ds253/i1/pic.aspx?WBXPC93408WJ05075_9.jpg,http://photos2.photoserver.com/kd2281/kl12408995/po10/v2/ds253/i1/pic.aspx?WBXPC93408WJ05075_10.jpg,http://photos2.photoserver.com/kd2281/kl12408995/po11/v2/ds253/i1/pic.aspx?WBXPC93408WJ05075_11.jpg,http://photos2.photoserver.com/kd2281/kl12408995/po12/v2/ds253/i1/pic.aspx?WBXPC93408WJ05075_12.jpg,http://photos2.photoserver.com/kd2281/kl12408995/po13/v2/ds253/i1/pic.aspx?WBXPC93408WJ05075_13.jpg,http://photos2.photoserver.com/kd2281/kl12408995/po14/v2/ds253/i1/pic.aspx?WBXPC93408WJ05075_14.jpg,http://photos2.photoserver.com/kd2281/kl12408995/po15/v2/ds253/i1/pic.aspx?WBXPC93408WJ05075_15.jpg,http://photos2.photoserver.com/kd2281/kl12408995/po16/v2/ds253/i1/pic.aspx?WBXPC93408WJ05075_16.jpg,http://photos2.photoserver.com/kd2281/kl12408995/po17/v2/ds253/i1/pic.aspx?WBXPC93408WJ05075_17.jpg,http://photos2.photoserver.com/kd2281/kl12408995/po18/v2/ds253/i1/pic.aspx?WBXPC93408WJ05075_18.jpg,http://photos2.photoserver.com/kd2281/kl12408995/po19/v2/ds253/i1/pic.aspx?WBXPC93408WJ05075_19.jpg,http://photos2.photoserver.com/kd2281/kl12408995/po20/v2/ds253/i1/pic.aspx?WBXPC93408WJ05075_20.jpg,http://photos2.photoserver.com/kd2281/kl12408995/po21/v2/ds253/i1/pic.aspx?WBXPC93408WJ05075_21.jpg,http://photos2.photoserver.com/kd2281/kl12408995/po22/v2/ds253/i1/pic.aspx?WBXPC93408WJ05075_22.jpg,http://photos2.photoserver.com/kd2281/kl12408995/po23/v2/ds253/i1/pic.aspx?WBXPC93408WJ05075_23.jpg,http://photos2.photoserver.com/kd2281/kl12408995/po24/v2/ds253/i1/pic.aspx?WBXPC93408WJ05075_24.jpg,http://photos2.photoserver.com/kd2281/kl12408995/po25/v2/ds253/i1/pic.aspx?WBXPC93408WJ05075_25.jpg,http://photos2.photoserver.com/kd2281/kl12408995/po26/v2/ds253/i1/pic.aspx?WBXPC93408WJ05075_26.jpg,http://photos2.photoserver.com/kd2281/kl12408995/po27/v2/ds253/i1/pic.aspx?WBXPC93408WJ05075_27.jpg,http://photos2.photoserver.com/kd2281/kl12408995/po28/v2/ds253/i1/pic.aspx?WBXPC93408WJ05075_28.jpg,http://photos2.photoserver.com/kd2281/kl12408995/po29/v2/ds253/i1/pic.aspx?WBXPC93408WJ05075_29.jpg,http://photos2.photoserver.com/kd2281/kl12408995/po30/v2/ds253/i1/pic.aspx?WBXPC93408WJ05075_30.jpg,http://photos2.photoserver.com/kd2281/kl12408995/po31/v2/ds253/i1/pic.aspx?WBXPC93408WJ05075_31.jpg,http://photos2.photoserver.com/kd2281/kl12408995/po32/v2/ds253/i1/pic.aspx?WBXPC93408WJ05075_32.jpg,http://photos2.photoserver.com/kd2281/kl12408995/po33/v2/ds253/i1/pic.aspx?WBXPC93408WJ05075_33.jpg,http://photos2.photoserver.com/kd2281/kl12408995/po34/v2/ds253/i1/pic.aspx?WBXPC93408WJ05075_34.jpg,http://photos2.photoserver.com/kd2281/kl12408995/po35/v2/ds253/i1/pic.aspx?WBXPC93408WJ05075_35.jpg,http://photos2.photoserver.com/kd2281/kl12408995/po36/v2/ds253/i1/pic.aspx?WBXPC93408WJ05075_36.jpg,http://photos2.photoserver.com/kd2281/kl12408995/po37/v2/ds253/i1/pic.aspx?WBXPC93408WJ05075_37.jpg,http://photos2.photoserver.com/kd2281/kl12408995/po38/v2/ds253/i1/pic.aspx?WBXPC93408WJ05075_38.jpg,http://photos2.photoserver.com/kd2281/kl12408995/po39/v2/ds253/i1/pic.aspx?WBXPC93408WJ05075_39.jpg,http://photos2.photoserver.com/kd2281/kl12408995/po40/v2/ds253/i1/pic.aspx?WBXPC93408WJ05075_40.jpg,http://photos2.photoserver.com/kd2281/kl12408995/po41/v2/ds253/i1/pic.aspx?WBXPC93408WJ05075_41.jpg,http://photos2.photoserver.com/kd2281/kl12408995/po42/v2/ds253/i1/pic.aspx?WBXPC93408WJ05075_42.jpg,http://photos2.photoserver.com/kd2281/kl12408995/po43/v2/ds253/i1/pic.aspx?WBXPC93408WJ05075_43.jpg,http://photos2.photoserver.com/kd2281/kl12408995/po44/v2/ds253/i1/pic.aspx?WBXPC93408WJ05075_44.jpg,http://photos2.photoserver.com/kd2281/kl12408995/po45/v2/ds253/i1/pic.aspx?WBXPC93408WJ05075_45.jpg,http://photos2.photoserver.com/kd2281/kl12408995/po46/v2/ds253/i1/pic.aspx?WBXPC93408WJ05075_46.jpg,http://photos2.photoserver.com/kd2281/kl12408995/po47/v2/ds253/i1/pic.aspx?WBXPC93408WJ05075_47.jpg,http://photos2.photoserver.com/kd2281/kl12408995/po48/v2/ds253/i1/pic.aspx?WBXPC93408WJ05075_48.jpg,http://photos2.photoserver.com/kd2281/kl12408995/po49/v2/ds253/i1/pic.aspx?WBXPC93408WJ05075_49.jpg,http://photos2.photoserver.com/kd2281/kl12408995/po50/v2/ds253/i1/pic.aspx?WBXPC93408WJ05075_50.jpg,http://photos2.photoserver.com/kd2281/kl12408995/po51/v2/ds253/i1/pic.aspx?WBXPC93408WJ05075_51.jpg,http://photos2.photoserver.com/kd2281/kl12408995/po52/v2/ds253/i1/pic.aspx?WBXPC93408WJ05075_52.jpg,http://photos2.photoserver.com/kd2281/kl12408995/po53/v2/ds253/i1/pic.aspx?WBXPC93408WJ05075_53.jpg,http://photos2.photoserver.com/kd2281/kl12408995/po54/v2/ds253/i1/pic.aspx?WBXPC93408WJ05075_54.jpg"
2281,B11320,new,2011,BMW,3 Series,4dr Sdn 328i xDrive AWD,WBAPK7C54BA974499,4730,41215,BLUE,Unspecified,,,sedan,3.0L I6 24V MPFI DOHC,ALL-WHEEL DRIVE,GASOLINE FUEL,"http://photos2.photoserver.com/kd2281/kl14243981/po1/v2/ds253/i1/pic.aspx?WBAPK7C54BA974499_1.jpg,http://photos2.photoserver.com/kd2281/kl14243981/po2/v2/ds253/i1/pic.aspx?WBAPK7C54BA974499_2.jpg,http://photos2.photoserver.com/kd2281/kl14243981/po3/v2/ds253/i1/pic.aspx?WBAPK7C54BA974499_3.jpg,http://photos2.photoserver.com/kd2281/kl14243981/po4/v2/ds253/i1/pic.aspx?WBAPK7C54BA974499_4.jpg,http://photos2.photoserver.com/kd2281/kl14243981/po5/v2/ds253/i1/pic.aspx?WBAPK7C54BA974499_5.jpg,http://photos2.photoserver.com/kd2281/kl14243981/po6/v2/ds253/i1/pic.aspx?WBAPK7C54BA974499_6.jpg,http://photos2.photoserver.com/kd2281/kl14243981/po7/v2/ds253/i1/pic.aspx?WBAPK7C54BA974499_7.jpg,http://photos2.photoserver.com/kd2281/kl14243981/po8/v2/ds253/i1/pic.aspx?WBAPK7C54BA974499_8.jpg,http://photos2.photoserver.com/kd2281/kl14243981/po9/v2/ds253/i1/pic.aspx?WBAPK7C54BA974499_9.jpg,http://photos2.photoserver.com/kd2281/kl14243981/po10/v2/ds253/i1/pic.aspx?WBAPK7C54BA974499_10.jpg,http://photos2.photoserver.com/kd2281/kl14243981/po11/v2/ds253/i1/pic.aspx?WBAPK7C54BA974499_11.jpg,http://photos2.photoserver.com/kd2281/kl14243981/po12/v2/ds253/i1/pic.aspx?WBAPK7C54BA974499_12.jpg,http://photos2.photoserver.com/kd2281/kl14243981/po13/v2/ds253/i1/pic.aspx?WBAPK7C54BA974499_13.jpg,http://photos2.photoserver.com/kd2281/kl14243981/po14/v2/ds253/i1/pic.aspx?WBAPK7C54BA974499_14.jpg,http://photos2.photoserver.com/kd2281/kl14243981/po15/v2/ds253/i1/pic.aspx?WBAPK7C54BA974499_15.jpg,http://photos2.photoserver.com/kd2281/kl14243981/po16/v2/ds253/i1/pic.aspx?WBAPK7C54BA974499_16.jpg,http://photos2.photoserver.com/kd2281/kl14243981/po17/v2/ds253/i1/pic.aspx?WBAPK7C54BA974499_17.jpg,http://photos2.photoserver.com/kd2281/kl14243981/po18/v2/ds253/i1/pic.aspx?WBAPK7C54BA974499_18.jpg,http://photos2.photoserver.com/kd2281/kl14243981/po19/v2/ds253/i1/pic.aspx?WBAPK7C54BA974499_19.jpg,http://photos2.photoserver.com/kd2281/kl14243981/po20/v2/ds253/i1/pic.aspx?WBAPK7C54BA974499_20.jpg,http://photos2.photoserver.com/kd2281/kl14243981/po21/v2/ds253/i1/pic.aspx?WBAPK7C54BA974499_21.jpg"
2281,D12086,new,2012,RAM,1500,4WD Quad Cab 140.5 ST,1C6RD7FT1CS134408,2,33795,BLACK,Unspecified,AUTOMATIC,,truck,5.7L V8 16V MPFI OHV,4WD,,"http://photos2.photoserver.com/kd2281/kl15838602/po1/v2/ds253/i2/pic.aspx?1C6RD7FT1CS134408_1.jpg,http://photos2.photoserver.com/kd2281/kl15838602/po2/v2/ds253/i2/pic.aspx?1C6RD7FT1CS134408_2.jpg,http://photos2.photoserver.com/kd2281/kl15838602/po3/v2/ds253/i2/pic.aspx?1C6RD7FT1CS134408_3.jpg,http://photos2.photoserver.com/kd2281/kl15838602/po4/v2/ds253/i2/pic.aspx?1C6RD7FT1CS134408_4.jpg,http://photos2.photoserver.com/kd2281/kl15838602/po5/v2/ds253/i2/pic.aspx?1C6RD7FT1CS134408_5.jpg,http://photos2.photoserver.com/kd2281/kl15838602/po6/v2/ds253/i2/pic.aspx?1C6RD7FT1CS134408_6.jpg,http://photos2.photoserver.com/kd2281/kl15838602/po7/v2/ds253/i2/pic.aspx?1C6RD7FT1CS134408_7.jpg,http://photos2.photoserver.com/kd2281/kl15838602/po8/v2/ds253/i2/pic.aspx?1C6RD7FT1CS134408_8.jpg,http://photos2.photoserver.com/kd2281/kl15838602/po9/v2/ds253/i2/pic.aspx?1C6RD7FT1CS134408_9.jpg,http://photos2.photoserver.com/kd2281/kl15838602/po10/v2/ds253/i2/pic.aspx?1C6RD7FT1CS134408_10.jpg,http://photos2.photoserver.com/kd2281/kl15838602/po11/v2/ds253/i2/pic.aspx?1C6RD7FT1CS134408_11.jpg,http://photos2.photoserver.com/kd2281/kl15838602/po12/v2/ds253/i2/pic.aspx?1C6RD7FT1CS134408_12.jpg,http://photos2.photoserver.com/kd2281/kl15838602/po13/v2/ds253/i2/pic.aspx?1C6RD7FT1CS134408_13.jpg,http://photos2.photoserver.com/kd2281/kl15838602/po14/v2/ds253/i2/pic.aspx?1C6RD7FT1CS134408_14.jpg,http://photos2.photoserver.com/kd2281/kl15838602/po15/v2/ds253/i2/pic.aspx?1C6RD7FT1CS134408_15.jpg,http://photos2.photoserver.com/kd2281/kl15838602/po16/v2/ds253/i2/pic.aspx?1C6RD7FT1CS134408_16.jpg,http://photos2.photoserver.com/kd2281/kl15838602/po17/v2/ds253/i2/pic.aspx?1C6RD7FT1CS134408_17.jpg,http://photos2.photoserver.com/kd2281/kl15838602/po18/v2/ds253/i2/pic.aspx?1C6RD7FT1CS134408_18.jpg,http://photos2.photoserver.com/kd2281/kl15838602/po19/v2/ds253/i2/pic.aspx?1C6RD7FT1CS134408_19.jpg,http://photos2.photoserver.com/kd2281/kl15838602/po20/v2/ds253/i2/pic.aspx?1C6RD7FT1CS134408_20.jpg,http://photos2.photoserver.com/kd2281/kl15838602/po21/v2/ds253/i2/pic.aspx?1C6RD7FT1CS134408_21.jpg,http://photos2.photoserver.com/kd2281/kl15838602/po22/v2/ds253/i2/pic.aspx?1C6RD7FT1CS134408_22.jpg,http://photos2.photoserver.com/kd2281/kl15838602/po23/v2/ds253/i2/pic.aspx?1C6RD7FT1CS134408_23.jpg,http://photos2.photoserver.com/kd2281/kl15838602/po24/v2/ds253/i2/pic.aspx?1C6RD7FT1CS134408_24.jpg,http://photos2.photoserver.com/kd2281/kl15838602/po25/v2/ds253/i2/pic.aspx?1C6RD7FT1CS134408_25.jpg,http://photos2.photoserver.com/kd2281/kl15838602/po26/v2/ds253/i2/pic.aspx?1C6RD7FT1CS134408_26.jpg"
2281,B12096,used,2012,BMW,5 Series,4dr Sdn 528i xDrive AWD,WBAXH5C55CC595021,6852,60975,SILVER,Unspecified,AUTOMATIC,,sedan,2.0L I4 16V GDI DOHC Turbo,ALL-WHEEL DRIVE,GASOLINE FUEL,"http://photos2.photoserver.com/kd2281/kl15926383/po1/v2/ds253/i2/pic.aspx?WBAXH5C55CC595021_1.jpg,http://photos2.photoserver.com/kd2281/kl15926383/po2/v2/ds253/i2/pic.aspx?WBAXH5C55CC595021_2.jpg,http://photos2.photoserver.com/kd2281/kl15926383/po3/v2/ds253/i2/pic.aspx?WBAXH5C55CC595021_3.jpg,http://photos2.photoserver.com/kd2281/kl15926383/po4/v2/ds253/i2/pic.aspx?WBAXH5C55CC595021_4.jpg,http://photos2.photoserver.com/kd2281/kl15926383/po5/v2/ds253/i2/pic.aspx?WBAXH5C55CC595021_5.jpg,http://photos2.photoserver.com/kd2281/kl15926383/po6/v2/ds253/i2/pic.aspx?WBAXH5C55CC595021_6.jpg,http://photos2.photoserver.com/kd2281/kl15926383/po7/v2/ds253/i2/pic.aspx?WBAXH5C55CC595021_7.jpg,http://photos2.photoserver.com/kd2281/kl15926383/po8/v2/ds253/i2/pic.aspx?WBAXH5C55CC595021_8.jpg,http://photos2.photoserver.com/kd2281/kl15926383/po9/v2/ds253/i2/pic.aspx?WBAXH5C55CC595021_9.jpg,http://photos2.photoserver.com/kd2281/kl15926383/po10/v2/ds253/i2/pic.aspx?WBAXH5C55CC595021_10.jpg,http://photos2.photoserver.com/kd2281/kl15926383/po11/v2/ds253/i2/pic.aspx?WBAXH5C55CC595021_11.jpg,http://photos2.photoserver.com/kd2281/kl15926383/po12/v2/ds253/i2/pic.aspx?WBAXH5C55CC595021_12.jpg,http://photos2.photoserver.com/kd2281/kl15926383/po13/v2/ds253/i2/pic.aspx?WBAXH5C55CC595021_13.jpg,http://photos2.photoserver.com/kd2281/kl15926383/po14/v2/ds253/i2/pic.aspx?WBAXH5C55CC595021_14.jpg,http://photos2.photoserver.com/kd2281/kl15926383/po15/v2/ds253/i2/pic.aspx?WBAXH5C55CC595021_15.jpg,http://photos2.photoserver.com/kd2281/kl15926383/po16/v2/ds253/i2/pic.aspx?WBAXH5C55CC595021_16.jpg,http://photos2.photoserver.com/kd2281/kl15926383/po17/v2/ds253/i2/pic.aspx?WBAXH5C55CC595021_17.jpg,http://photos2.photoserver.com/kd2281/kl15926383/po18/v2/ds253/i2/pic.aspx?WBAXH5C55CC595021_18.jpg,http://photos2.photoserver.com/kd2281/kl15926383/po19/v2/ds253/i2/pic.aspx?WBAXH5C55CC595021_19.jpg,http://photos2.photoserver.com/kd2281/kl15926383/po20/v2/ds253/i2/pic.aspx?WBAXH5C55CC595021_20.jpg,http://photos2.photoserver.com/kd2281/kl15926383/po21/v2/ds253/i2/pic.aspx?WBAXH5C55CC595021_21.jpg,http://photos2.photoserver.com/kd2281/kl15926383/po22/v2/ds253/i2/pic.aspx?WBAXH5C55CC595021_22.jpg,http://photos2.photoserver.com/kd2281/kl15926383/po23/v2/ds253/i2/pic.aspx?WBAXH5C55CC595021_23.jpg,http://photos2.photoserver.com/kd2281/kl15926383/po24/v2/ds253/i2/pic.aspx?WBAXH5C55CC595021_24.jpg,http://photos2.photoserver.com/kd2281/kl15926383/po25/v2/ds253/i2/pic.aspx?WBAXH5C55CC595021_25.jpg,http://photos2.photoserver.com/kd2281/kl15926383/po26/v2/ds253/i2/pic.aspx?WBAXH5C55CC595021_26.jpg,http://photos2.photoserver.com/kd2281/kl15926383/po27/v2/ds253/i2/pic.aspx?WBAXH5C55CC595021_27.jpg,http://photos2.photoserver.com/kd2281/kl15926383/po28/v2/ds253/i2/pic.aspx?WBAXH5C55CC595021_28.jpg,http://photos2.photoserver.com/kd2281/kl15926383/po29/v2/ds253/i2/pic.aspx?WBAXH5C55CC595021_29.jpg,http://photos2.photoserver.com/kd2281/kl15926383/po30/v2/ds253/i2/pic.aspx?WBAXH5C55CC595021_30.jpg,http://photos2.photoserver.com/kd2281/kl15926383/po31/v2/ds253/i2/pic.aspx?WBAXH5C55CC595021_31.jpg,http://photos2.photoserver.com/kd2281/kl15926383/po32/v2/ds253/i2/pic.aspx?WBAXH5C55CC595021_32.jpg,http://photos2.photoserver.com/kd2281/kl15926383/po33/v2/ds253/i2/pic.aspx?WBAXH5C55CC595021_33.jpg,http://photos2.photoserver.com/kd2281/kl15926383/po34/v2/ds253/i2/pic.aspx?WBAXH5C55CC595021_34.jpg,http://photos2.photoserver.com/kd2281/kl15926383/po35/v2/ds253/i2/pic.aspx?WBAXH5C55CC595021_35.jpg,http://photos2.photoserver.com/kd2281/kl15926383/po36/v2/ds253/i2/pic.aspx?WBAXH5C55CC595021_36.jpg"
2281,D12102,new,2012,RAM,1500,4WD Crew Cab 140.5 SLT,1C6RD7LT3CS150663,5,39260,BLUE,Unspecified,AUTOMATIC,,truck,5.7L V8 16V MPFI OHV,4WD,,"http://photos2.photoserver.com/kd2281/kl15947101/po1/v2/ds253/i1/pic.aspx?1C6RD7LT3CS150663_1.jpg,http://photos2.photoserver.com/kd2281/kl15947101/po2/v2/ds253/i1/pic.aspx?1C6RD7LT3CS150663_2.jpg,http://photos2.photoserver.com/kd2281/kl15947101/po3/v2/ds253/i1/pic.aspx?1C6RD7LT3CS150663_3.jpg,http://photos2.photoserver.com/kd2281/kl15947101/po4/v2/ds253/i1/pic.aspx?1C6RD7LT3CS150663_4.jpg,http://photos2.photoserver.com/kd2281/kl15947101/po5/v2/ds253/i1/pic.aspx?1C6RD7LT3CS150663_5.jpg,http://photos2.photoserver.com/kd2281/kl15947101/po6/v2/ds253/i1/pic.aspx?1C6RD7LT3CS150663_6.jpg,http://photos2.photoserver.com/kd2281/kl15947101/po7/v2/ds253/i1/pic.aspx?1C6RD7LT3CS150663_7.jpg,http://photos2.photoserver.com/kd2281/kl15947101/po8/v2/ds253/i1/pic.aspx?1C6RD7LT3CS150663_8.jpg,http://photos2.photoserver.com/kd2281/kl15947101/po9/v2/ds253/i1/pic.aspx?1C6RD7LT3CS150663_9.jpg,http://photos2.photoserver.com/kd2281/kl15947101/po10/v2/ds253/i1/pic.aspx?1C6RD7LT3CS150663_10.jpg,http://photos2.photoserver.com/kd2281/kl15947101/po11/v2/ds253/i1/pic.aspx?1C6RD7LT3CS150663_11.jpg,http://photos2.photoserver.com/kd2281/kl15947101/po12/v2/ds253/i1/pic.aspx?1C6RD7LT3CS150663_12.jpg,http://photos2.photoserver.com/kd2281/kl15947101/po13/v2/ds253/i1/pic.aspx?1C6RD7LT3CS150663_13.jpg,http://photos2.photoserver.com/kd2281/kl15947101/po14/v2/ds253/i1/pic.aspx?1C6RD7LT3CS150663_14.jpg,http://photos2.photoserver.com/kd2281/kl15947101/po15/v2/ds253/i1/pic.aspx?1C6RD7LT3CS150663_15.jpg,http://photos2.photoserver.com/kd2281/kl15947101/po16/v2/ds253/i1/pic.aspx?1C6RD7LT3CS150663_16.jpg,http://photos2.photoserver.com/kd2281/kl15947101/po17/v2/ds253/i1/pic.aspx?1C6RD7LT3CS150663_17.jpg,http://photos2.photoserver.com/kd2281/kl15947101/po18/v2/ds253/i1/pic.aspx?1C6RD7LT3CS150663_18.jpg,http://photos2.photoserver.com/kd2281/kl15947101/po19/v2/ds253/i1/pic.aspx?1C6RD7LT3CS150663_19.jpg,http://photos2.photoserver.com/kd2281/kl15947101/po20/v2/ds253/i1/pic.aspx?1C6RD7LT3CS150663_20.jpg,http://photos2.photoserver.com/kd2281/kl15947101/po21/v2/ds253/i1/pic.aspx?1C6RD7LT3CS150663_21.jpg,http://photos2.photoserver.com/kd2281/kl15947101/po22/v2/ds253/i1/pic.aspx?1C6RD7LT3CS150663_22.jpg,http://photos2.photoserver.com/kd2281/kl15947101/po23/v2/ds253/i1/pic.aspx?1C6RD7LT3CS150663_23.jpg,http://photos2.photoserver.com/kd2281/kl15947101/po24/v2/ds253/i1/pic.aspx?1C6RD7LT3CS150663_24.jpg,http://photos2.photoserver.com/kd2281/kl15947101/po25/v2/ds253/i1/pic.aspx?1C6RD7LT3CS150663_25.jpg,http://photos2.photoserver.com/kd2281/kl15947101/po26/v2/ds253/i1/pic.aspx?1C6RD7LT3CS150663_26.jpg,http://photos2.photoserver.com/kd2281/kl15947101/po27/v2/ds253/i1/pic.aspx?1C6RD7LT3CS150663_27.jpg,http://photos2.photoserver.com/kd2281/kl15947101/po28/v2/ds253/i1/pic.aspx?1C6RD7LT3CS150663_28.jpg,http://photos2.photoserver.com/kd2281/kl15947101/po29/v2/ds253/i1/pic.aspx?1C6RD7LT3CS150663_29.jpg,http://photos2.photoserver.com/kd2281/kl15947101/po30/v2/ds253/i1/pic.aspx?1C6RD7LT3CS150663_30.jpg,http://photos2.photoserver.com/kd2281/kl15947101/po31/v2/ds253/i1/pic.aspx?1C6RD7LT3CS150663_31.jpg"
2281,B12105,new,2012,BMW,6 Series,2dr Conv 650i,WBALZ3C59CDL72653,6,99375,RED,Unspecified,,,coupe,4.4L V8 32V GDI DOHC Twin Turbo,REAR-WHEEL DRIVE,GASOLINE FUEL,"http://photos2.photoserver.com/kd2281/kl15968691/po1/v2/ds253/i2/pic.aspx?WBALZ3C59CDL72653_1.jpg,http://photos2.photoserver.com/kd2281/kl15968691/po2/v2/ds253/i2/pic.aspx?WBALZ3C59CDL72653_2.jpg,http://photos2.photoserver.com/kd2281/kl15968691/po3/v2/ds253/i2/pic.aspx?WBALZ3C59CDL72653_3.jpg,http://photos2.photoserver.com/kd2281/kl15968691/po4/v2/ds253/i2/pic.aspx?WBALZ3C59CDL72653_4.jpg,http://photos2.photoserver.com/kd2281/kl15968691/po5/v2/ds253/i2/pic.aspx?WBALZ3C59CDL72653_5.jpg,http://photos2.photoserver.com/kd2281/kl15968691/po6/v2/ds253/i2/pic.aspx?WBALZ3C59CDL72653_6.jpg,http://photos2.photoserver.com/kd2281/kl15968691/po7/v2/ds253/i2/pic.aspx?WBALZ3C59CDL72653_7.jpg,http://photos2.photoserver.com/kd2281/kl15968691/po8/v2/ds253/i2/pic.aspx?WBALZ3C59CDL72653_8.jpg,http://photos2.photoserver.com/kd2281/kl15968691/po9/v2/ds253/i2/pic.aspx?WBALZ3C59CDL72653_9.jpg,http://photos2.photoserver.com/kd2281/kl15968691/po10/v2/ds253/i2/pic.aspx?WBALZ3C59CDL72653_10.jpg,http://photos2.photoserver.com/kd2281/kl15968691/po11/v2/ds253/i2/pic.aspx?WBALZ3C59CDL72653_11.jpg,http://photos2.photoserver.com/kd2281/kl15968691/po12/v2/ds253/i2/pic.aspx?WBALZ3C59CDL72653_12.jpg,http://photos2.photoserver.com/kd2281/kl15968691/po13/v2/ds253/i2/pic.aspx?WBALZ3C59CDL72653_13.jpg,http://photos2.photoserver.com/kd2281/kl15968691/po14/v2/ds253/i2/pic.aspx?WBALZ3C59CDL72653_14.jpg,http://photos2.photoserver.com/kd2281/kl15968691/po15/v2/ds253/i2/pic.aspx?WBALZ3C59CDL72653_15.jpg,http://photos2.photoserver.com/kd2281/kl15968691/po16/v2/ds253/i2/pic.aspx?WBALZ3C59CDL72653_16.jpg,http://photos2.photoserver.com/kd2281/kl15968691/po17/v2/ds253/i2/pic.aspx?WBALZ3C59CDL72653_17.jpg,http://photos2.photoserver.com/kd2281/kl15968691/po18/v2/ds253/i2/pic.aspx?WBALZ3C59CDL72653_18.jpg,http://photos2.photoserver.com/kd2281/kl15968691/po19/v2/ds253/i2/pic.aspx?WBALZ3C59CDL72653_19.jpg,http://photos2.photoserver.com/kd2281/kl15968691/po20/v2/ds253/i2/pic.aspx?WBALZ3C59CDL72653_20.jpg,http://photos2.photoserver.com/kd2281/kl15968691/po21/v2/ds253/i2/pic.aspx?WBALZ3C59CDL72653_21.jpg,http://photos2.photoserver.com/kd2281/kl15968691/po22/v2/ds253/i2/pic.aspx?WBALZ3C59CDL72653_22.jpg,http://photos2.photoserver.com/kd2281/kl15968691/po23/v2/ds253/i2/pic.aspx?WBALZ3C59CDL72653_23.jpg,http://photos2.photoserver.com/kd2281/kl15968691/po24/v2/ds253/i2/pic.aspx?WBALZ3C59CDL72653_24.jpg,http://photos2.photoserver.com/kd2281/kl15968691/po25/v2/ds253/i2/pic.aspx?WBALZ3C59CDL72653_25.jpg,http://photos2.photoserver.com/kd2281/kl15968691/po26/v2/ds253/i2/pic.aspx?WBALZ3C59CDL72653_26.jpg,http://photos2.photoserver.com/kd2281/kl15968691/po27/v2/ds253/i2/pic.aspx?WBALZ3C59CDL72653_27.jpg,http://photos2.photoserver.com/kd2281/kl15968691/po28/v2/ds253/i2/pic.aspx?WBALZ3C59CDL72653_28.jpg,http://photos2.photoserver.com/kd2281/kl15968691/po29/v2/ds253/i2/pic.aspx?WBALZ3C59CDL72653_29.jpg,http://photos2.photoserver.com/kd2281/kl15968691/po30/v2/ds253/i2/pic.aspx?WBALZ3C59CDL72653_30.jpg,http://photos2.photoserver.com/kd2281/kl15968691/po31/v2/ds253/i2/pic.aspx?WBALZ3C59CDL72653_31.jpg,http://photos2.photoserver.com/kd2281/kl15968691/po32/v2/ds253/i2/pic.aspx?WBALZ3C59CDL72653_32.jpg"
2281,D12118,new,2012,RAM,1500,4WD Reg Cab 140.5 SLT,3C6JD7ET3CG145836,2,34805,WHITE,Unspecified,AUTOMATIC,,truck,5.7L V8 16V MPFI OHV,4WD,,"http://photos2.photoserver.com/kd2281/kl16076824/po1/v2/ds253/i2/pic.aspx?3C6JD7ET3CG145836_1.jpg,http://photos2.photoserver.com/kd2281/kl16076824/po2/v2/ds253/i2/pic.aspx?3C6JD7ET3CG145836_2.jpg,http://photos2.photoserver.com/kd2281/kl16076824/po3/v2/ds253/i2/pic.aspx?3C6JD7ET3CG145836_3.jpg,http://photos2.photoserver.com/kd2281/kl16076824/po4/v2/ds253/i2/pic.aspx?3C6JD7ET3CG145836_4.jpg,http://photos2.photoserver.com/kd2281/kl16076824/po5/v2/ds253/i2/pic.aspx?3C6JD7ET3CG145836_5.jpg,http://photos2.photoserver.com/kd2281/kl16076824/po6/v2/ds253/i2/pic.aspx?3C6JD7ET3CG145836_6.jpg,http://photos2.photoserver.com/kd2281/kl16076824/po7/v2/ds253/i2/pic.aspx?3C6JD7ET3CG145836_7.jpg,http://photos2.photoserver.com/kd2281/kl16076824/po8/v2/ds253/i2/pic.aspx?3C6JD7ET3CG145836_8.jpg,http://photos2.photoserver.com/kd2281/kl16076824/po9/v2/ds253/i2/pic.aspx?3C6JD7ET3CG145836_9.jpg,http://photos2.photoserver.com/kd2281/kl16076824/po10/v2/ds253/i2/pic.aspx?3C6JD7ET3CG145836_10.jpg,http://photos2.photoserver.com/kd2281/kl16076824/po11/v2/ds253/i2/pic.aspx?3C6JD7ET3CG145836_11.jpg,http://photos2.photoserver.com/kd2281/kl16076824/po12/v2/ds253/i2/pic.aspx?3C6JD7ET3CG145836_12.jpg,http://photos2.photoserver.com/kd2281/kl16076824/po13/v2/ds253/i2/pic.aspx?3C6JD7ET3CG145836_13.jpg,http://photos2.photoserver.com/kd2281/kl16076824/po14/v2/ds253/i2/pic.aspx?3C6JD7ET3CG145836_14.jpg,http://photos2.photoserver.com/kd2281/kl16076824/po15/v2/ds253/i2/pic.aspx?3C6JD7ET3CG145836_15.jpg,http://photos2.photoserver.com/kd2281/kl16076824/po16/v2/ds253/i2/pic.aspx?3C6JD7ET3CG145836_16.jpg,http://photos2.photoserver.com/kd2281/kl16076824/po17/v2/ds253/i2/pic.aspx?3C6JD7ET3CG145836_17.jpg,http://photos2.photoserver.com/kd2281/kl16076824/po18/v2/ds253/i2/pic.aspx?3C6JD7ET3CG145836_18.jpg,http://photos2.photoserver.com/kd2281/kl16076824/po19/v2/ds253/i2/pic.aspx?3C6JD7ET3CG145836_19.jpg"
2281,J12124,new,2012,JEEP,Grand Cherokee,4WD 4dr Laredo,1C4RJFAT7CC192360,6,40755,WHITE,Unspecified,AUTOMATIC,"5-SPEED AUTOMATIC TRANSMISSION,DARK GRAYSTONE/MEDIUM GRAYSTONE; PREMIUM LEATHER TRIMMED BUCKET SEATS,FULL SIZE SPARE TIRE W/STEEL WHEEL,PWR SUNROOF",suv,5.7L V8 16V MPFI OHV,4WD,,"http://photos2.photoserver.com/kd2281/kl16081496/po1/v2/ds253/i2/pic.aspx?1C4RJFAT7CC192360_1.jpg,http://photos2.photoserver.com/kd2281/kl16081496/po2/v2/ds253/i2/pic.aspx?1C4RJFAT7CC192360_2.jpg,http://photos2.photoserver.com/kd2281/kl16081496/po3/v2/ds253/i2/pic.aspx?1C4RJFAT7CC192360_3.jpg,http://photos2.photoserver.com/kd2281/kl16081496/po4/v2/ds253/i2/pic.aspx?1C4RJFAT7CC192360_4.jpg,http://photos2.photoserver.com/kd2281/kl16081496/po5/v2/ds253/i2/pic.aspx?1C4RJFAT7CC192360_5.jpg,http://photos2.photoserver.com/kd2281/kl16081496/po6/v2/ds253/i2/pic.aspx?1C4RJFAT7CC192360_6.jpg,http://photos2.photoserver.com/kd2281/kl16081496/po7/v2/ds253/i2/pic.aspx?1C4RJFAT7CC192360_7.jpg,http://photos2.photoserver.com/kd2281/kl16081496/po8/v2/ds253/i2/pic.aspx?1C4RJFAT7CC192360_8.jpg,http://photos2.photoserver.com/kd2281/kl16081496/po9/v2/ds253/i2/pic.aspx?1C4RJFAT7CC192360_9.jpg,http://photos2.photoserver.com/kd2281/kl16081496/po10/v2/ds253/i2/pic.aspx?1C4RJFAT7CC192360_10.jpg,http://photos2.photoserver.com/kd2281/kl16081496/po11/v2/ds253/i2/pic.aspx?1C4RJFAT7CC192360_11.jpg,http://photos2.photoserver.com/kd2281/kl16081496/po12/v2/ds253/i2/pic.aspx?1C4RJFAT7CC192360_12.jpg,http://photos2.photoserver.com/kd2281/kl16081496/po13/v2/ds253/i2/pic.aspx?1C4RJFAT7CC192360_13.jpg,http://photos2.photoserver.com/kd2281/kl16081496/po14/v2/ds253/i2/pic.aspx?1C4RJFAT7CC192360_14.jpg,http://photos2.photoserver.com/kd2281/kl16081496/po15/v2/ds253/i2/pic.aspx?1C4RJFAT7CC192360_15.jpg,http://photos2.photoserver.com/kd2281/kl16081496/po16/v2/ds253/i2/pic.aspx?1C4RJFAT7CC192360_16.jpg,http://photos2.photoserver.com/kd2281/kl16081496/po17/v2/ds253/i2/pic.aspx?1C4RJFAT7CC192360_17.jpg,http://photos2.photoserver.com/kd2281/kl16081496/po18/v2/ds253/i2/pic.aspx?1C4RJFAT7CC192360_18.jpg,http://photos2.photoserver.com/kd2281/kl16081496/po19/v2/ds253/i2/pic.aspx?1C4RJFAT7CC192360_19.jpg,http://photos2.photoserver.com/kd2281/kl16081496/po20/v2/ds253/i2/pic.aspx?1C4RJFAT7CC192360_20.jpg,http://photos2.photoserver.com/kd2281/kl16081496/po21/v2/ds253/i2/pic.aspx?1C4RJFAT7CC192360_21.jpg,http://photos2.photoserver.com/kd2281/kl16081496/po22/v2/ds253/i2/pic.aspx?1C4RJFAT7CC192360_22.jpg,http://photos2.photoserver.com/kd2281/kl16081496/po23/v2/ds253/i2/pic.aspx?1C4RJFAT7CC192360_23.jpg,http://photos2.photoserver.com/kd2281/kl16081496/po24/v2/ds253/i2/pic.aspx?1C4RJFAT7CC192360_24.jpg,http://photos2.photoserver.com/kd2281/kl16081496/po25/v2/ds253/i2/pic.aspx?1C4RJFAT7CC192360_25.jpg,http://photos2.photoserver.com/kd2281/kl16081496/po26/v2/ds253/i2/pic.aspx?1C4RJFAT7CC192360_26.jpg,http://photos2.photoserver.com/kd2281/kl16081496/po27/v2/ds253/i2/pic.aspx?1C4RJFAT7CC192360_27.jpg,http://photos2.photoserver.com/kd2281/kl16081496/po28/v2/ds253/i2/pic.aspx?1C4RJFAT7CC192360_28.jpg,http://photos2.photoserver.com/kd2281/kl16081496/po29/v2/ds253/i2/pic.aspx?1C4RJFAT7CC192360_29.jpg,http://photos2.photoserver.com/kd2281/kl16081496/po30/v2/ds253/i2/pic.aspx?1C4RJFAT7CC192360_30.jpg,http://photos2.photoserver.com/kd2281/kl16081496/po31/v2/ds253/i2/pic.aspx?1C4RJFAT7CC192360_31.jpg,http://photos2.photoserver.com/kd2281/kl16081496/po32/v2/ds253/i2/pic.aspx?1C4RJFAT7CC192360_32.jpg,http://photos2.photoserver.com/kd2281/kl16081496/po33/v2/ds253/i2/pic.aspx?1C4RJFAT7CC192360_33.jpg,http://photos2.photoserver.com/kd2281/kl16081496/po34/v2/ds253/i2/pic.aspx?1C4RJFAT7CC192360_34.jpg,http://photos2.photoserver.com/kd2281/kl16081496/po35/v2/ds253/i2/pic.aspx?1C4RJFAT7CC192360_35.jpg"
2281,D12134,new,2012,DODGE,Journey,AWD 4dr SXT,3C4PDDBG6CT219007,46,30060,BROWN,Unspecified,AUTOMATIC,,sedan,3.6L V6 24V MPFI DOHC,ALL-WHEEL DRIVE WITH LOCKING DIFFERENTIAL,,"http://photos2.photoserver.com/kd2281/kl16090207/po1/v2/ds253/i2/pic.aspx?3C4PDDBG6CT219007_1.jpg,http://photos2.photoserver.com/kd2281/kl16090207/po2/v2/ds253/i2/pic.aspx?3C4PDDBG6CT219007_2.jpg,http://photos2.photoserver.com/kd2281/kl16090207/po3/v2/ds253/i2/pic.aspx?3C4PDDBG6CT219007_3.jpg,http://photos2.photoserver.com/kd2281/kl16090207/po4/v2/ds253/i2/pic.aspx?3C4PDDBG6CT219007_4.jpg,http://photos2.photoserver.com/kd2281/kl16090207/po5/v2/ds253/i2/pic.aspx?3C4PDDBG6CT219007_5.jpg,http://photos2.photoserver.com/kd2281/kl16090207/po6/v2/ds253/i2/pic.aspx?3C4PDDBG6CT219007_6.jpg,http://photos2.photoserver.com/kd2281/kl16090207/po7/v2/ds253/i2/pic.aspx?3C4PDDBG6CT219007_7.jpg,http://photos2.photoserver.com/kd2281/kl16090207/po8/v2/ds253/i2/pic.aspx?3C4PDDBG6CT219007_8.jpg,http://photos2.photoserver.com/kd2281/kl16090207/po9/v2/ds253/i2/pic.aspx?3C4PDDBG6CT219007_9.jpg,http://photos2.photoserver.com/kd2281/kl16090207/po10/v2/ds253/i2/pic.aspx?3C4PDDBG6CT219007_10.jpg,http://photos2.photoserver.com/kd2281/kl16090207/po11/v2/ds253/i2/pic.aspx?3C4PDDBG6CT219007_11.jpg,http://photos2.photoserver.com/kd2281/kl16090207/po12/v2/ds253/i2/pic.aspx?3C4PDDBG6CT219007_12.jpg,http://photos2.photoserver.com/kd2281/kl16090207/po13/v2/ds253/i2/pic.aspx?3C4PDDBG6CT219007_13.jpg,http://photos2.photoserver.com/kd2281/kl16090207/po14/v2/ds253/i2/pic.aspx?3C4PDDBG6CT219007_14.jpg,http://photos2.photoserver.com/kd2281/kl16090207/po15/v2/ds253/i2/pic.aspx?3C4PDDBG6CT219007_15.jpg,http://photos2.photoserver.com/kd2281/kl16090207/po16/v2/ds253/i2/pic.aspx?3C4PDDBG6CT219007_16.jpg,http://photos2.photoserver.com/kd2281/kl16090207/po17/v2/ds253/i2/pic.aspx?3C4PDDBG6CT219007_17.jpg,http://photos2.photoserver.com/kd2281/kl16090207/po18/v2/ds253/i2/pic.aspx?3C4PDDBG6CT219007_18.jpg,http://photos2.photoserver.com/kd2281/kl16090207/po19/v2/ds253/i2/pic.aspx?3C4PDDBG6CT219007_19.jpg,http://photos2.photoserver.com/kd2281/kl16090207/po20/v2/ds253/i2/pic.aspx?3C4PDDBG6CT219007_20.jpg,http://photos2.photoserver.com/kd2281/kl16090207/po21/v2/ds253/i2/pic.aspx?3C4PDDBG6CT219007_21.jpg,http://photos2.photoserver.com/kd2281/kl16090207/po22/v2/ds253/i2/pic.aspx?3C4PDDBG6CT219007_22.jpg,http://photos2.photoserver.com/kd2281/kl16090207/po23/v2/ds253/i2/pic.aspx?3C4PDDBG6CT219007_23.jpg,http://photos2.photoserver.com/kd2281/kl16090207/po24/v2/ds253/i2/pic.aspx?3C4PDDBG6CT219007_24.jpg,http://photos2.photoserver.com/kd2281/kl16090207/po25/v2/ds253/i2/pic.aspx?3C4PDDBG6CT219007_25.jpg,http://photos2.photoserver.com/kd2281/kl16090207/po26/v2/ds253/i2/pic.aspx?3C4PDDBG6CT219007_26.jpg,http://photos2.photoserver.com/kd2281/kl16090207/po27/v2/ds253/i2/pic.aspx?3C4PDDBG6CT219007_27.jpg,http://photos2.photoserver.com/kd2281/kl16090207/po28/v2/ds253/i2/pic.aspx?3C4PDDBG6CT219007_28.jpg,http://photos2.photoserver.com/kd2281/kl16090207/po29/v2/ds253/i2/pic.aspx?3C4PDDBG6CT219007_29.jpg"
